Forum.id|Person.id|joinDate
549755813888|19791209299992|2011-09-10T19:32:20.579+0000
549755813888|21990232555554|2011-11-02T04:13:24.338+0000
687194767361|21990232555554|2011-11-08T06:59:43.154+0000
549755813892|19791209299992|2011-10-22T01:56:44.189+0000
618475290630|19791209299992|2011-10-29T17:27:10.030+0000
343597383689|94|2011-01-16T01:06:25.379+0000
343597383689|10995116277789|2011-01-21T11:39:09.681+0000
343597383689|10995116277803|2011-01-17T16:24:27.564+0000
343597383689|13194139533378|2011-04-02T00:21:56.741+0000
412316860426|94|2011-03-17T03:28:10.127+0000
412316860426|6597069766661|2011-03-09T12:46:32.734+0000
412316860426|10995116277769|2011-03-15T20:29:43.178+0000
412316860426|10995116277802|2011-03-21T18:03:01.543+0000
412316860426|17592186044508|2011-05-28T07:34:59.069+0000
412316860426|19791209299992|2011-09-16T22:34:16.914+0000
274877906976|10995116277769|2011-02-08T07:38:49.838+0000
274877906976|13194139533330|2011-03-12T17:34:49.082+0000
274877906976|15393162788868|2011-04-14T09:58:13.588+0000
618475290658|13194139533330|2011-08-20T16:15:47.925+0000
618475290658|15393162788868|2011-08-29T11:31:33.386+0000
618475290659|10995116277769|2011-10-29T22:01:43.304+0000
412316860453|10995116277769|2011-11-07T16:16:44.759+0000
412316860453|13194139533330|2011-08-26T22:00:48.308+0000
412316860453|15393162788868|2011-04-19T08:00:39.021+0000
618475290662|10995116277769|2011-10-07T08:00:05.417+0000
412316860457|13194139533330|2011-09-20T09:16:15.923+0000
412316860457|15393162788868|2011-06-08T23:20:38.616+0000
549755813930|10995116277769|2011-10-31T10:09:01.644+0000
549755813930|15393162788868|2011-07-30T15:33:59.361+0000
618475290667|10995116277769|2011-09-05T00:57:00.802+0000
618475290667|13194139533330|2011-10-12T01:55:58.184+0000
618475290667|15393162788868|2011-11-09T01:05:34.111+0000
274877906988|10995116277769|2011-04-04T19:36:54.295+0000
274877906988|15393162788868|2011-07-30T08:52:04.896+0000
618475290669|15393162788868|2011-10-16T19:03:31.608+0000
549755813934|10995116277769|2011-07-27T23:50:50.870+0000
549755813934|15393162788868|2011-10-21T18:25:12.524+0000
549755813935|10995116277769|2011-09-11T05:45:33.120+0000
412316860464|10995116277769|2011-08-04T20:28:52.025+0000
412316860464|13194139533330|2011-08-28T08:15:25.015+0000
687194767409|15393162788868|2011-10-14T01:55:58.298+0000
687194767409|17592186044456|2011-09-29T02:47:20.730+0000
206158430287|6597069766684|2010-09-21T08:31:01.991+0000
412316860497|6597069766684|2011-07-16T03:43:45.815+0000
343597383765|6597069766684|2011-08-09T14:15:19.434+0000
481036337238|6597069766684|2011-11-16T21:24:49.630+0000
481036337242|6597069766684|2011-05-30T09:17:12.988+0000
274877907036|6597069766684|2011-06-07T21:13:24.100+0000
206158430302|6597069766684|2011-01-16T07:58:05.041+0000
412316860512|6597069766684|2011-05-04T04:59:34.933+0000
68719476833|4398046511181|2010-07-11T02:20:16.988+0000
343597383778|2199023255625|2011-01-07T14:10:21.711+0000
343597383778|10995116277802|2011-01-04T13:40:59.006+0000
343597383778|10995116277803|2011-01-26T12:42:30.153+0000
343597383778|13194139533390|2011-02-18T14:11:42.576+0000
343597383778|15393162788868|2011-04-08T05:04:02.490+0000
343597383778|17592186044456|2011-06-17T13:20:32.300+0000
343597383778|21990232555554|2011-11-11T09:38:00.556+0000
481036337251|4398046511181|2011-05-28T19:23:20.838+0000
481036337251|6597069766716|2011-06-09T16:12:11.277+0000
481036337251|15393162788868|2011-05-30T23:49:36.390+0000
481036337251|17592186044446|2011-07-26T21:43:41.558+0000
481036337251|19791209299992|2011-09-24T09:39:27.422+0000
481036337251|21990232555554|2011-10-27T03:50:30.905+0000
549755813988|4398046511168|2011-06-29T22:52:32.050+0000
549755813988|10995116277769|2011-07-06T01:01:00.327+0000
549755813988|19791209300014|2011-10-07T01:36:26.878+0000
549755813988|21990232555554|2011-11-10T07:32:40.347+0000
137438953573|2199023255628|2010-06-27T01:29:27.168+0000
137438953573|4398046511168|2010-07-10T01:42:48.778+0000
206158430310|2199023255628|2010-10-04T04:24:44.640+0000
206158430310|4398046511126|2010-10-19T18:10:08.650+0000
206158430310|4398046511181|2010-09-25T15:19:06.971+0000
206158430310|6597069766684|2010-10-07T07:05:38.035+0000
206158430310|13194139533328|2011-03-04T03:17:47.765+0000
206158430310|15393162788895|2011-06-09T16:12:11.277+0000
206158430310|15393162788908|2011-06-17T08:35:59.701+0000
549755813991|10995116277769|2011-06-24T07:27:28.935+0000
549755813991|15393162788908|2011-06-15T19:24:48.495+0000
549755813991|19791209299992|2011-09-26T03:40:24.063+0000
687194767464|2199023255625|2011-11-10T18:07:33.084+0000
687194767464|4398046511167|2011-10-30T12:30:58.919+0000
687194767464|4398046511168|2011-10-25T15:58:58.232+0000
687194767464|4398046511181|2011-10-28T19:04:28.432+0000
687194767464|4398046511185|2011-11-04T17:18:59.903+0000
687194767464|8796093022240|2011-11-18T05:11:03.246+0000
687194767464|10995116277761|2011-11-11T09:38:00.556+0000
687194767464|10995116277803|2011-10-30T14:13:46.771+0000
687194767464|13194139533357|2011-11-07T04:44:04.746+0000
687194767464|15393162788868|2011-11-04T09:35:57.114+0000
687194767464|15393162788895|2011-10-27T03:50:30.905+0000
687194767464|17592186044428|2011-11-02T04:13:24.338+0000
687194767464|17592186044443|2011-11-14T12:04:27.255+0000
687194767464|17592186044454|2011-11-19T22:57:10.070+0000
687194767464|17592186044456|2011-11-18T16:21:07.143+0000
687194767464|17592186044509|2011-11-10T07:32:40.347+0000
68719476842|2199023255593|2010-05-20T00:33:49.105+0000
68719476842|10995116277802|2011-01-05T12:26:40.229+0000
412316860523|10995116277802|2011-07-09T00:04:15.077+0000
68719476844|2199023255593|2011-07-13T05:49:58.426+0000
68719476844|10995116277802|2011-03-28T15:37:04.476+0000
274877907053|2199023255593|2011-05-10T05:52:04.168+0000
687194767470|2199023255593|2011-11-14T11:00:54.109+0000
481036337265|2199023255593|2011-08-30T08:12:39.722+0000
137438953587|2199023255593|2010-12-09T03:38:50.877+0000
137438953588|2199023255593|2011-05-30T22:58:55.185+0000
274877907061|2199023255593|2011-02-20T21:27:03.905+0000
343597383798|2199023255593|2011-03-14T08:56:52.788+0000
343597383798|10995116277802|2011-02-16T03:12:03.460+0000
549755814007|2199023255593|2011-09-23T02:11:48.619+0000
549755814007|10995116277802|2011-10-01T22:18:25.212+0000
687194767481|2199023255593|2011-11-14T02:30:03.434+0000
687194767481|10995116277802|2011-11-17T02:18:40.896+0000
206158430330|2199023255593|2010-12-13T08:22:18.061+0000
206158430330|10995116277802|2011-06-21T11:03:08.482+0000
618475290747|10995116277802|2011-10-01T03:14:35.688+0000
687194767486|10995116277802|2011-11-18T20:49:14.565+0000
412316860543|2199023255593|2011-11-05T06:30:53.337+0000
412316860543|10995116277802|2011-09-08T03:36:57.288+0000
68719476865|10995116277802|2010-12-13T17:41:53.249+0000
343597383810|10995116277802|2011-04-20T09:01:09.832+0000
274877907075|10995116277802|2011-02-12T12:26:12.666+0000
481036337285|10995116277802|2011-09-14T20:52:37.132+0000
549755814023|10995116277802|2011-06-14T22:17:42.516+0000
274877907080|10995116277802|2011-03-17T21:43:39.499+0000
412316860553|10995116277802|2011-08-21T13:47:39.034+0000
618475290763|10995116277802|2011-10-09T06:30:37.451+0000
343597383820|10995116277802|2011-07-30T16:24:30.630+0000
412316860558|10995116277802|2011-07-26T09:11:29.988+0000
481036337295|10995116277802|2011-08-26T18:36:58.167+0000
137438953618|10995116277802|2010-12-24T02:02:38.299+0000
137438953621|10995116277802|2011-08-13T11:43:13.176+0000
549755814039|10995116277802|2011-07-02T08:22:30.993+0000
412316860568|2199023255593|2011-04-14T02:34:34.804+0000
412316860568|2199023255611|2011-03-28T08:40:33.016+0000
412316860568|2199023255625|2011-03-29T16:04:24.424+0000
412316860568|4398046511126|2011-03-23T21:25:14.417+0000
412316860568|10995116277789|2011-04-02T09:11:13.424+0000
412316860568|10995116277848|2011-04-02T00:21:56.741+0000
412316860568|15393162788955|2011-05-19T20:50:36.322+0000
412316860568|17592186044490|2011-08-03T19:47:30.257+0000
412316860568|19791209299992|2011-09-28T00:06:24.818+0000
549755814042|4398046511185|2011-06-07T04:51:11.344+0000
549755814042|10995116277802|2011-06-18T08:07:18.899+0000
549755814042|13194139533357|2011-06-06T00:55:12.768+0000
549755814042|13194139533402|2011-05-28T07:34:59.069+0000
549755814042|15393162788868|2011-05-30T05:48:17.655+0000
549755814042|17592186044456|2011-06-16T21:02:42.880+0000
549755814043|13194139533357|2011-11-09T05:28:59.126+0000
549755814043|15393162788868|2011-07-25T15:24:49.289+0000
687194767518|13194139533357|2011-09-29T11:37:34.903+0000
687194767518|13194139533402|2011-10-18T16:32:05.220+0000
618475290784|15393162788868|2011-09-21T18:43:09.028+0000
618475290784|17592186044456|2011-10-09T21:14:01.589+0000
618475290785|13194139533402|2011-10-06T10:04:48.964+0000
687194767522|13194139533402|2011-10-12T15:20:13.577+0000
687194767522|17592186044456|2011-10-18T01:13:24.469+0000
412316860579|10995116277761|2011-02-18T14:11:42.576+0000
412316860580|10995116277761|2011-10-26T11:44:23.259+0000
412316860581|10995116277761|2011-03-15T22:58:11.858+0000
481036337325|10995116277761|2011-06-03T12:12:48.123+0000
481036337326|10995116277761|2011-06-04T18:49:08.852+0000
137438953648|2199023255593|2010-07-12T03:53:03.514+0000
137438953648|10995116277818|2010-12-30T09:46:49.208+0000
343597383857|4398046511126|2011-01-01T18:30:50.528+0000
343597383857|4398046511141|2010-12-30T09:46:49.208+0000
343597383857|6597069766661|2010-12-29T14:42:07.965+0000
343597383857|10995116277802|2011-01-01T00:37:59.264+0000
343597383857|13194139533364|2011-03-02T07:07:47.816+0000
343597383857|15393162788915|2011-05-02T20:09:14.372+0000
618475290802|4398046511141|2011-10-27T17:32:22.011+0000
618475290802|13194139533364|2011-10-20T06:42:56.560+0000
618475290802|15393162788915|2011-10-09T08:10:08.412+0000
618475290802|6597069766661|2011-10-25T16:53:05.551+0000
618475290802|4398046511126|2011-11-13T03:45:59.246+0000
618475290802|6597069766745|2011-09-17T12:22:13.657+0000
618475290802|65|2011-10-06T10:35:52.874+0000
618475290802|19791209300014|2011-10-06T15:49:19.058+0000
618475290802|6597069766716|2011-08-26T12:35:43.661+0000
618475290802|17592186044430|2011-09-06T13:04:35.213+0000
618475290802|10995116277762|2011-10-01T00:28:34.915+0000
618475290802|6597069766738|2011-11-16T12:23:19.827+0000
618475290802|19791209299992|2011-10-05T23:03:02.834+0000
618475290802|13194139533348|2011-10-19T11:32:46.102+0000
618475290802|13194139533357|2011-09-15T16:22:31.361+0000
618475290802|6597069766742|2011-09-04T07:28:53.477+0000
618475290802|10995116277783|2011-11-17T23:13:49.866+0000
618475290802|96|2011-10-14T13:45:53.314+0000
618475290802|17592186044446|2011-08-13T06:46:04.141+0000
618475290802|2199023255600|2011-10-25T12:23:04.791+0000
618475290802|17592186044499|2011-09-13T09:46:54.145+0000
618475290802|21990232555569|2011-11-13T21:35:54.043+0000
618475290802|8796093022287|2011-10-24T10:09:25.790+0000
618475290802|15393162788908|2011-09-24T15:55:16.841+0000
618475290802|17592186044509|2011-11-15T04:16:38.250+0000
618475290802|8796093022228|2011-09-18T21:23:53.154+0000
618475290802|8796093022216|2011-09-13T03:02:36.533+0000
618475290802|2199023255637|2011-10-05T09:05:55.369+0000
618475290802|19791209300048|2011-11-08T06:42:00.020+0000
618475290802|10995116277789|2011-11-14T12:58:43.091+0000
618475290802|8796093022227|2011-09-06T01:36:14.957+0000
618475290802|2199023255628|2011-11-08T19:39:12.669+0000
618475290802|13194139533390|2011-09-14T03:47:28.335+0000
618475290802|4398046511159|2011-10-05T06:05:05.443+0000
481036337331|13194139533364|2011-06-20T05:52:13.797+0000
481036337331|15393162788915|2011-06-29T17:59:13.523+0000
549755814069|4398046511141|2011-07-22T09:14:04.411+0000
549755814069|6597069766661|2011-07-15T21:05:20.053+0000
549755814069|10995116277802|2011-10-20T13:33:47.562+0000
549755814069|13194139533364|2011-08-17T19:03:06.810+0000
549755814070|6597069766661|2011-09-12T07:33:31.333+0000
549755814070|15393162788915|2011-08-13T20:09:55.392+0000
343597383864|10995116277802|2011-06-30T19:38:53.623+0000
343597383864|13194139533364|2011-10-31T02:35:01.498+0000
343597383864|15393162788915|2011-10-01T01:09:47.728+0000
412316860601|6597069766661|2011-10-10T13:44:15.620+0000
412316860601|10995116277802|2011-05-25T12:31:10.165+0000
412316860601|13194139533364|2011-04-15T05:43:37.065+0000
412316860601|15393162788915|2011-05-24T07:34:46.659+0000
549755814075|4398046511141|2011-11-06T00:00:15.646+0000
549755814075|13194139533364|2011-07-24T09:04:45.518+0000
549755814075|15393162788915|2011-09-20T22:24:28.807+0000
687194767548|10995116277802|2011-11-18T16:13:41.503+0000
343597383869|4398046511126|2011-05-10T01:54:30.824+0000
343597383869|4398046511141|2011-03-16T02:17:55.477+0000
343597383869|6597069766661|2011-02-02T02:23:51.607+0000
343597383869|13194139533364|2011-04-11T03:07:35.957+0000
481036337342|4398046511141|2011-09-03T23:21:17.450+0000
481036337342|10995116277802|2011-05-07T12:32:04.726+0000
481036337342|13194139533364|2011-09-02T16:17:14.986+0000
481036337342|15393162788915|2011-09-13T21:18:13.860+0000
343597383871|4398046511126|2011-08-20T17:35:32.021+0000
343597383871|10995116277802|2011-06-22T18:37:11.291+0000
343597383871|13194139533364|2011-03-07T23:01:26.145+0000
549755814080|4398046511181|2011-06-20T21:23:03.384+0000
549755814080|6597069766684|2011-06-13T20:33:46.415+0000
549755814080|21990232555554|2011-11-14T12:04:27.255+0000
549755814081|13194139533378|2011-08-03T19:47:30.257+0000
137438953672|4398046511181|2010-07-13T05:48:26.578+0000
687194767561|4398046511181|2011-10-15T11:44:32.135+0000
618475290827|4398046511181|2011-08-31T06:25:12.786+0000
274877907148|4398046511181|2010-12-27T09:01:27.748+0000
549755814093|4398046511181|2011-07-26T16:13:28.621+0000
481036337359|4398046511181|2011-06-15T03:00:45.815+0000
412316860626|4398046511181|2011-09-22T02:39:09.771+0000
481036337363|4398046511181|2011-06-07T07:17:22.608+0000
274877907162|4398046511181|2010-12-02T17:08:58.781+0000
206158430428|2199023255611|2010-10-07T03:47:10.809+0000
206158430428|10995116277818|2010-12-29T14:42:07.965+0000
206158430428|13194139533402|2011-03-09T12:46:32.734+0000
206158430428|15393162788955|2011-05-03T11:33:50.196+0000
343597383902|2199023255611|2011-08-25T04:38:37.762+0000
343597383902|10995116277818|2011-04-12T07:50:34.661+0000
343597383902|13194139533402|2011-03-31T01:25:27.486+0000
481036337375|2199023255611|2011-07-23T07:04:21.899+0000
481036337375|10995116277818|2011-05-28T03:24:15.824+0000
481036337375|13194139533402|2011-07-10T11:42:29.052+0000
618475290850|10995116277818|2011-10-27T06:49:14.656+0000
618475290850|15393162788955|2011-10-11T23:27:02.823+0000
274877907171|2199023255611|2011-01-24T00:22:45.482+0000
274877907171|15393162788955|2011-09-18T19:15:19.549+0000
274877907172|2199023255611|2011-02-05T13:39:00.424+0000
274877907172|10995116277818|2011-09-18T11:04:38.010+0000
274877907172|13194139533402|2011-08-02T19:32:16.007+0000
274877907172|15393162788955|2011-08-11T21:45:46.892+0000
481036337381|13194139533402|2011-06-27T15:43:07.169+0000
343597383910|13194139533402|2011-10-19T14:06:58.321+0000
343597383910|15393162788955|2011-07-12T10:23:53.936+0000
549755814122|15393162788955|2011-10-27T22:02:26.227+0000
343597383915|10995116277818|2011-09-05T07:21:23.047+0000
618475290860|13194139533402|2011-08-15T08:26:32.336+0000
481036337389|2199023255611|2011-05-18T23:00:00.179+0000
481036337389|2199023255625|2011-05-05T14:25:44.007+0000
481036337389|6597069766661|2011-05-03T11:33:50.196+0000
481036337389|10995116277789|2011-05-09T13:29:12.973+0000
481036337389|13194139533378|2011-05-19T20:50:36.322+0000
481036337389|15393162788868|2011-05-11T16:16:53.592+0000
481036337389|21990232555569|2011-11-05T16:35:31.979+0000
481036337390|2199023255611|2011-09-04T14:27:12.322+0000
481036337390|6597069766661|2011-06-03T07:46:13.728+0000
481036337390|10995116277789|2011-10-17T02:33:11.713+0000
687194767599|21990232555569|2011-11-07T11:00:47.063+0000
687194767600|2199023255611|2011-10-19T23:01:44.671+0000
687194767600|6597069766661|2011-10-12T17:29:26.472+0000
687194767601|6597069766661|2011-11-15T02:59:07.220+0000
549755814130|6597069766661|2011-11-11T17:11:40.162+0000
549755814130|10995116277789|2011-08-17T14:02:57.015+0000
549755814130|15393162788868|2011-06-06T01:19:04.848+0000
481036337397|13194139533378|2011-06-18T00:37:07.345+0000
481036337397|15393162788868|2011-08-18T14:49:36.619+0000
549755814134|2199023255611|2011-08-21T08:46:54.213+0000
549755814134|15393162788868|2011-08-28T00:57:06.549+0000
549755814134|21990232555569|2011-11-10T10:59:53.534+0000
618475290871|94|2011-09-19T03:00:32.897+0000
618475290871|2199023255593|2011-09-27T21:27:47.913+0000
618475290871|4398046511168|2011-09-23T21:37:37.795+0000
618475290871|10995116277789|2011-10-04T21:31:39.206+0000
618475290871|10995116277802|2011-09-23T18:45:25.375+0000
618475290871|13194139533312|2011-09-09T01:24:11.246+0000
618475290871|13194139533378|2011-09-28T00:06:24.818+0000
618475290871|13194139533402|2011-09-16T22:34:16.914+0000
618475290871|15393162788868|2011-10-02T18:56:12.813+0000
618475290871|15393162788895|2011-09-24T09:39:27.422+0000
618475290871|17592186044428|2011-09-10T19:32:20.579+0000
618475290871|17592186044430|2011-09-26T03:40:24.063+0000
137438953720|2199023255602|2010-07-11T02:20:16.988+0000
137438953720|2199023255611|2010-07-17T12:42:34.814+0000
137438953720|2199023255628|2010-06-23T18:08:11.190+0000
137438953720|4398046511107|2010-07-13T05:48:26.578+0000
137438953720|4398046511126|2010-07-19T20:20:49.984+0000
137438953720|6597069766684|2010-10-10T13:34:37.489+0000
137438953720|6597069766716|2010-09-25T15:19:06.971+0000
137438953720|8796093022216|2010-11-26T11:24:42.734+0000
137438953720|8796093022287|2010-10-29T06:54:07.394+0000
137438953720|10995116277769|2011-01-20T10:55:43.749+0000
137438953720|10995116277802|2010-12-14T03:29:13.235+0000
137438953720|13194139533328|2011-03-14T04:42:59.004+0000
137438953720|13194139533330|2011-04-03T04:14:41.849+0000
137438953720|13194139533364|2011-03-04T22:03:12.271+0000
137438953720|13194139533365|2011-03-29T06:53:32.134+0000
137438953720|15393162788868|2011-04-26T21:06:54.550+0000
137438953720|15393162788895|2011-05-28T19:23:20.838+0000
137438953720|17592186044443|2011-06-20T21:23:03.384+0000
137438953720|17592186044446|2011-07-11T08:13:29.602+0000
137438953720|21990232555554|2011-10-28T19:04:28.432+0000
274877907194|4398046511181|2010-10-29T06:54:07.394+0000
274877907194|17592186044456|2011-06-19T12:30:36.051+0000
137438953726|2199023255628|2010-07-15T21:39:36.365+0000
137438953726|4398046511181|2010-07-19T20:20:49.984+0000
137438953726|6597069766716|2010-10-19T18:10:08.650+0000
137438953726|10995116277807|2011-01-01T21:45:50.365+0000
137438953726|10995116277818|2011-01-01T18:30:50.528+0000
137438953726|13194139533364|2011-02-21T18:57:09.803+0000
137438953726|13194139533378|2011-03-23T21:25:14.417+0000
274877907200|2199023255628|2010-11-24T15:17:54.257+0000
274877907200|4398046511181|2010-10-24T09:42:02.124+0000
274877907200|6597069766716|2010-11-28T17:28:17.097+0000
274877907200|13194139533364|2011-09-29T11:08:25.571+0000
274877907200|13194139533378|2011-06-21T13:17:39.839+0000
274877907201|2199023255628|2011-06-16T09:03:17.369+0000
274877907201|10995116277807|2011-07-25T21:34:16.523+0000
274877907201|13194139533364|2011-09-04T19:24:13.423+0000
274877907201|13194139533378|2011-11-03T18:18:47.768+0000
549755814147|2199023255628|2011-08-22T15:45:28.826+0000
549755814147|4398046511181|2011-09-06T03:04:53.592+0000
549755814147|6597069766716|2011-08-20T16:30:34.392+0000
549755814147|10995116277807|2011-07-13T15:09:42.724+0000
549755814147|10995116277818|2011-06-28T15:18:18.377+0000
549755814147|13194139533364|2011-10-21T20:23:06.145+0000
549755814147|13194139533378|2011-08-26T00:22:44.650+0000
687194767620|10995116277818|2011-11-16T15:04:04.097+0000
206158430469|2199023255628|2011-04-08T15:56:13.329+0000
206158430469|4398046511181|2010-12-18T01:17:16.896+0000
206158430469|6597069766716|2011-05-21T01:24:41.932+0000
206158430469|10995116277807|2011-05-17T12:44:25.906+0000
137438953735|2199023255628|2010-09-13T12:25:46.757+0000
137438953735|4398046511181|2011-04-19T07:12:38.538+0000
137438953735|6597069766716|2011-06-02T07:52:28.365+0000
137438953735|10995116277807|2011-03-09T17:14:56.406+0000
137438953735|10995116277818|2011-10-05T12:22:56.826+0000
137438953735|13194139533364|2011-05-07T11:00:53.660+0000
343597383944|2199023255628|2011-03-16T20:50:05.457+0000
343597383944|6597069766716|2011-07-10T07:45:22.775+0000
343597383944|10995116277807|2011-04-09T01:41:00.622+0000
343597383944|13194139533364|2011-06-16T22:40:03.694+0000
206158430473|10995116277807|2011-08-09T23:30:50.197+0000
206158430473|10995116277818|2011-02-19T10:45:10.688+0000
343597383946|2199023255628|2011-07-14T05:33:40.185+0000
343597383946|4398046511181|2011-06-09T09:59:20.209+0000
343597383946|6597069766716|2011-01-23T11:33:41.606+0000
343597383946|10995116277818|2011-11-08T00:39:45.721+0000
343597383946|13194139533364|2011-04-21T11:20:41.193+0000
343597383946|13194139533378|2011-05-10T05:53:04.625+0000
481036337419|4398046511181|2011-08-27T00:00:42.825+0000
481036337419|10995116277818|2011-07-23T05:30:23.168+0000
481036337419|13194139533364|2011-07-27T04:23:09.682+0000
481036337419|13194139533378|2011-10-19T08:36:23.345+0000
206158430476|2199023255628|2010-11-21T23:01:19.802+0000
206158430476|4398046511181|2011-08-09T20:17:35.419+0000
206158430476|6597069766716|2010-12-09T13:28:48.287+0000
206158430476|10995116277807|2011-07-29T10:21:56.984+0000
206158430476|13194139533364|2011-06-23T03:41:48.862+0000
343597383949|4398046511181|2011-03-17T03:43:58.137+0000
343597383949|10995116277818|2011-01-24T21:39:23.735+0000
343597383949|13194139533378|2011-04-26T21:11:23.040+0000
343597383950|2199023255628|2011-05-05T09:50:21.087+0000
343597383950|4398046511181|2011-07-19T21:01:39.189+0000
343597383950|6597069766716|2011-08-19T15:01:52.957+0000
343597383950|10995116277807|2011-05-30T01:02:42.328+0000
549755814159|6597069766716|2011-10-13T05:24:38.956+0000
549755814160|2199023255628|2011-10-27T15:21:54.583+0000
549755814160|10995116277818|2011-07-30T05:26:35.402+0000
549755814160|13194139533364|2011-10-07T11:55:19.774+0000
549755814160|13194139533378|2011-08-21T06:07:10.476+0000
206158430481|2199023255628|2011-10-03T07:04:55.098+0000
206158430481|6597069766716|2011-04-09T21:09:18.412+0000
206158430481|10995116277807|2011-07-01T17:20:06.154+0000
206158430481|10995116277818|2011-02-18T20:35:23.667+0000
206158430481|13194139533364|2011-03-18T14:20:38.644+0000
274|10995116277803|2011-01-28T15:30:19.989+0000
274|10995116277848|2011-01-16T01:06:25.379+0000
274|13194139533402|2011-03-17T03:28:10.127+0000
274|15393162788908|2011-06-17T08:01:18.442+0000
274|19791209299992|2011-09-19T03:00:32.897+0000
276|10995116277803|2011-09-25T04:13:37.078+0000
276|10995116277848|2011-05-11T06:20:26.021+0000
276|15393162788908|2011-08-03T02:42:34.827+0000
206158430485|10995116277803|2011-07-23T08:26:10.408+0000
274877907223|15393162788908|2011-10-20T15:37:08.213+0000
618475290904|10995116277848|2011-11-10T07:50:26.290+0000
618475290904|15393162788908|2011-11-02T02:05:34.111+0000
412316860698|10995116277848|2011-09-19T09:16:00.569+0000
412316860698|13194139533402|2011-04-04T11:18:55.367+0000
412316860698|19791209299992|2011-09-21T22:17:41.218+0000
68719477019|10995116277803|2011-05-05T22:00:19.749+0000
68719477019|10995116277848|2011-04-21T17:39:33.936+0000
68719477019|13194139533402|2011-07-08T14:07:47.621+0000
68719477019|19791209299992|2011-11-07T22:06:27.313+0000
343597383964|10995116277803|2011-09-10T22:46:04.686+0000
343597383965|10995116277803|2011-07-11T16:06:05.103+0000
343597383965|10995116277848|2011-04-08T05:07:12.196+0000
343597383965|13194139533402|2011-08-22T19:21:28.276+0000
68719477022|15393162788908|2011-07-28T23:22:00.403+0000
206158430495|10995116277803|2011-02-11T13:03:02.688+0000
206158430495|10995116277848|2011-08-19T15:05:59.877+0000
206158430495|13194139533402|2011-09-19T13:57:41.852+0000
206158430495|19791209299992|2011-11-09T07:24:56.519+0000
549755814176|10995116277848|2011-09-11T19:12:57.282+0000
549755814176|15393162788908|2011-10-25T07:02:20.968+0000
290|10995116277848|2011-07-08T20:16:24.288+0000
290|15393162788908|2011-10-28T18:45:28.886+0000
290|19791209299992|2011-09-30T00:49:54.295+0000
481036337445|10995116277848|2011-08-01T12:20:58.864+0000
481036337445|15393162788908|2011-08-09T07:16:47.707+0000
294|10995116277848|2011-11-14T03:53:09.637+0000
294|15393162788908|2011-08-16T21:04:00.683+0000
68719477032|10995116277803|2011-03-04T00:53:05.847+0000
68719477032|13194139533402|2011-10-28T11:26:08.439+0000
206158430505|10995116277803|2011-06-20T19:53:59.098+0000
206158430505|10995116277848|2011-04-30T04:51:58.467+0000
206158430505|19791209299992|2011-09-29T22:19:27.024+0000
549755814186|10995116277803|2011-07-07T18:19:19.117+0000
549755814186|10995116277848|2011-09-28T17:09:13.749+0000
549755814186|13194139533402|2011-10-31T03:14:01.096+0000
343597383979|96|2011-02-01T13:03:42.620+0000
343597383979|2199023255593|2011-02-14T10:41:24.263+0000
343597383979|4398046511181|2011-01-20T10:55:43.749+0000
343597383979|4398046511185|2011-01-31T06:00:42.423+0000
343597383979|8796093022227|2011-01-24T13:23:23.647+0000
343597383979|8796093022228|2011-02-08T07:38:49.838+0000
343597383979|10995116277762|2011-01-27T21:33:37.360+0000
343597383979|10995116277802|2011-02-01T20:49:01.689+0000
343597383979|10995116277807|2011-01-26T12:23:22.634+0000
343597383979|13194139533348|2011-03-22T05:31:59.629+0000
343597383979|13194139533402|2011-03-15T20:29:43.178+0000
343597383979|15393162788868|2011-05-01T15:33:16.657+0000
343597383979|15393162788908|2011-06-14T16:13:07.876+0000
343597383979|15393162788915|2011-04-17T12:50:39.672+0000
343597383979|17592186044423|2011-06-26T21:40:48.087+0000
343597383979|17592186044430|2011-06-24T07:27:28.935+0000
343597383979|17592186044456|2011-06-20T05:42:16.253+0000
343597383979|17592186044509|2011-07-06T01:01:00.327+0000
343597383979|19791209300048|2011-08-23T02:12:13.148+0000
343597383979|21990232555569|2011-11-13T07:59:34.250+0000
481036337452|96|2011-07-08T14:22:31.804+0000
481036337452|2199023255593|2011-05-19T21:18:44.858+0000
481036337452|4398046511185|2011-05-05T23:15:40.337+0000
481036337452|8796093022227|2011-10-24T19:47:48.590+0000
481036337452|8796093022228|2011-09-16T03:01:39.658+0000
481036337452|10995116277762|2011-06-07T17:23:27.001+0000
481036337452|13194139533402|2011-05-08T05:33:14.957+0000
481036337452|17592186044430|2011-08-14T00:21:10.552+0000
481036337452|17592186044456|2011-08-14T16:22:58.958+0000
481036337452|17592186044509|2011-07-11T18:05:13.099+0000
481036337452|21990232555569|2011-11-14T01:57:11.843+0000
412316860718|96|2011-03-23T23:09:10.704+0000
412316860718|8796093022227|2011-09-16T05:15:24.947+0000
412316860718|10995116277762|2011-03-07T13:31:38.009+0000
412316860718|10995116277802|2011-06-16T09:51:54.782+0000
412316860718|10995116277807|2011-04-26T06:35:55.544+0000
412316860718|13194139533402|2011-03-25T13:03:11.483+0000
412316860718|15393162788868|2011-05-29T16:18:32.171+0000
412316860718|17592186044430|2011-08-27T17:57:27.760+0000
412316860718|19791209300048|2011-10-24T06:06:15.532+0000
687194767663|15393162788868|2011-11-05T18:13:01.979+0000
412316860720|2199023255593|2011-06-25T19:54:16.200+0000
412316860720|8796093022228|2011-10-02T17:19:44.639+0000
412316860720|10995116277762|2011-06-10T01:48:50.109+0000
412316860720|10995116277802|2011-07-14T22:26:36.860+0000
412316860720|10995116277807|2011-06-20T03:44:36.919+0000
412316860720|13194139533348|2011-06-16T12:13:21.602+0000
412316860720|13194139533402|2011-11-12T16:11:20.495+0000
412316860720|17592186044509|2011-09-21T14:48:23.985+0000
481036337457|2199023255593|2011-09-10T08:37:55.153+0000
481036337457|4398046511185|2011-09-20T22:03:11.174+0000
481036337457|8796093022228|2011-06-24T13:15:22.540+0000
481036337457|10995116277802|2011-06-24T05:34:21.323+0000
481036337457|13194139533402|2011-06-05T20:48:37.622+0000
481036337457|15393162788908|2011-08-18T06:26:16.984+0000
481036337457|17592186044423|2011-11-19T21:50:13.108+0000
481036337457|17592186044430|2011-09-13T01:52:50.919+0000
481036337457|17592186044456|2011-07-06T02:18:07.795+0000
481036337457|19791209300048|2011-10-31T12:57:55.639+0000
687194767667|4398046511185|2011-10-13T09:49:59.086+0000
687194767667|8796093022227|2011-11-03T05:16:04.794+0000
687194767667|8796093022228|2011-10-23T17:47:57.987+0000
687194767667|10995116277807|2011-11-16T23:38:30.817+0000
687194767667|15393162788908|2011-11-11T11:16:31.818+0000
687194767667|17592186044456|2011-10-17T03:31:28.366+0000
687194767667|19791209300048|2011-10-30T01:30:00.749+0000
549755814196|96|2011-11-07T02:36:53.032+0000
549755814196|2199023255593|2011-10-18T20:00:49.822+0000
549755814196|4398046511181|2011-08-07T03:22:11.468+0000
549755814196|8796093022227|2011-10-02T02:56:58.525+0000
549755814196|8796093022228|2011-09-14T14:06:53.670+0000
549755814196|13194139533402|2011-08-30T05:31:41.422+0000
549755814196|15393162788868|2011-07-22T14:47:01.326+0000
549755814196|15393162788908|2011-10-08T20:55:28.791+0000
549755814196|15393162788915|2011-10-05T09:59:00.852+0000
549755814196|17592186044423|2011-08-01T15:48:59.248+0000
549755814196|17592186044430|2011-10-15T19:20:49.103+0000
549755814196|19791209300048|2011-09-18T21:46:22.584+0000
549755814197|96|2011-10-18T16:04:35.822+0000
549755814197|8796093022227|2011-07-20T05:30:01.578+0000
549755814197|10995116277762|2011-07-16T16:29:55.012+0000
549755814197|15393162788868|2011-08-25T13:10:00.775+0000
549755814197|17592186044423|2011-08-24T10:39:58.618+0000
549755814197|17592186044430|2011-11-17T01:47:34.225+0000
549755814197|19791209300048|2011-09-14T21:28:47.164+0000
618475290934|8796093022228|2011-11-16T12:10:15.869+0000
618475290934|10995116277802|2011-10-03T06:35:23.927+0000
618475290934|10995116277807|2011-09-17T04:51:07.550+0000
618475290934|13194139533402|2011-11-01T12:49:12.594+0000
618475290934|15393162788868|2011-10-31T14:34:08.388+0000
618475290934|15393162788908|2011-11-16T11:48:08.736+0000
618475290934|15393162788915|2011-11-11T06:35:45.733+0000
618475290934|17592186044423|2011-10-09T17:53:14.768+0000
618475290934|17592186044456|2011-10-10T17:52:54.550+0000
618475290934|17592186044509|2011-09-18T00:28:51.738+0000
618475290934|19791209300048|2011-09-14T12:52:55.898+0000
481036337463|2199023255593|2011-11-01T15:34:02.470+0000
481036337463|4398046511185|2011-10-27T11:52:57.611+0000
481036337463|8796093022227|2011-10-03T12:59:07.337+0000
481036337463|10995116277762|2011-10-04T09:15:54.342+0000
481036337463|10995116277807|2011-06-15T19:38:22.678+0000
481036337463|13194139533348|2011-08-23T17:46:12.617+0000
481036337463|15393162788868|2011-08-19T16:30:04.993+0000
412316860728|2199023255628|2011-03-14T09:59:18.420+0000
412316860728|4398046511181|2011-03-14T04:42:59.004+0000
412316860728|6597069766684|2011-03-03T11:05:47.421+0000
412316860728|6597069766716|2011-03-04T03:17:47.765+0000
412316860728|17592186044456|2011-06-24T07:34:56.906+0000
687194767673|2199023255628|2011-11-01T05:43:39.052+0000
687194767673|8796093022227|2011-11-08T09:18:33.470+0000
687194767673|10995116277762|2011-11-17T10:15:30.482+0000
687194767673|6597069766661|2011-10-23T16:21:07.916+0000
481036337466|4398046511181|2011-05-17T11:08:06.051+0000
481036337466|17592186044456|2011-08-21T18:44:09.977+0000
481036337466|4398046511107|2011-05-19T00:42:03.414+0000
481036337466|10995116277802|2011-10-23T01:25:12.939+0000
481036337466|4398046511141|2011-05-18T11:18:34.691+0000
481036337466|4398046511143|2011-05-29T23:16:33.058+0000
481036337466|15393162788955|2011-09-19T13:09:11.335+0000
481036337466|4398046511173|2011-07-02T22:50:32.285+0000
481036337466|10995116277783|2011-08-25T15:07:27.741+0000
481036337466|15393162788908|2011-07-30T04:28:04.691+0000
481036337466|17592186044430|2011-10-26T09:35:54.542+0000
481036337466|13194139533357|2011-06-30T16:23:54.813+0000
481036337466|15393162788895|2011-06-27T04:54:17.009+0000
481036337466|19791209300024|2011-09-04T23:04:32.128+0000
481036337466|13194139533330|2011-10-31T19:56:12.654+0000
481036337466|8796093022262|2011-11-14T23:53:28.309+0000
481036337466|6597069766745|2011-06-05T00:50:56.176+0000
481036337466|13194139533328|2011-07-27T21:57:33.167+0000
481036337466|17592186044423|2011-06-07T03:30:49.003+0000
481036337466|6597069766738|2011-06-25T06:28:24.795+0000
481036337466|2199023255637|2011-11-16T10:29:24.253+0000
481036337466|2199023255625|2011-09-22T18:41:57.102+0000
481036337466|15393162788875|2011-05-16T03:04:46.869+0000
481036337466|2199023255562|2011-07-13T22:11:42.365+0000
481036337466|2199023255611|2011-08-01T17:57:39.727+0000
481036337466|17592186044499|2011-10-21T11:56:40.948+0000
481036337466|15393162788915|2011-05-06T19:46:53.540+0000
481036337466|8796093022287|2011-08-13T11:20:55.475+0000
481036337466|13194139533378|2011-05-13T09:10:33.237+0000
481036337466|4398046511126|2011-05-20T11:47:52.175+0000
481036337467|4398046511181|2011-05-02T23:43:41.938+0000
481036337467|6597069766716|2011-08-15T11:36:51.151+0000
481036337467|17592186044456|2011-11-16T19:50:01.211+0000
618475290940|2199023255628|2011-10-28T22:30:29.599+0000
618475290940|4398046511181|2011-08-15T00:40:01.669+0000
618475290940|6597069766716|2011-07-30T01:24:32.005+0000
618475290940|17592186044456|2011-09-10T00:31:01.741+0000
481036337469|2199023255628|2011-05-29T23:02:04.942+0000
481036337469|4398046511181|2011-11-17T14:30:28.455+0000
481036337469|6597069766716|2011-05-22T11:02:21.027+0000
549755814206|4398046511181|2011-07-18T03:10:59.283+0000
549755814206|6597069766716|2011-07-29T17:08:46.119+0000
549755814206|17592186044456|2011-10-20T08:55:38.678+0000
687194767679|4398046511181|2011-10-12T05:22:17.159+0000
687194767679|6597069766684|2011-11-17T08:22:08.192+0000
687194767681|2199023255628|2011-10-30T04:57:36.892+0000
687194767681|4398046511181|2011-11-16T18:44:58.763+0000
687194767681|6597069766684|2011-10-28T10:20:31.936+0000
412316860738|6597069766716|2011-04-25T02:31:13.304+0000
412316860738|17592186044456|2011-07-19T23:21:16.032+0000
481036337475|17592186044456|2011-07-27T18:58:24.607+0000
481036337476|2199023255628|2011-06-19T05:56:16.663+0000
481036337476|6597069766684|2011-05-23T15:02:03.845+0000
481036337476|17592186044456|2011-09-19T19:52:16.438+0000
481036337477|2199023255628|2011-09-18T12:57:59.128+0000
481036337477|6597069766684|2011-11-06T13:56:59.712+0000
481036337477|6597069766716|2011-11-03T03:38:20.349+0000
412316860746|2199023255611|2011-03-29T07:45:06.082+0000
412316860746|2199023255625|2011-03-20T14:08:59.370+0000
412316860746|10995116277769|2011-03-22T05:31:59.629+0000
481036337487|2199023255625|2011-09-10T17:05:11.492+0000
481036337487|10995116277769|2011-10-26T16:23:25.249+0000
549755814228|10995116277769|2011-08-03T14:09:31.528+0000
343597384022|96|2011-01-05T05:55:58.500+0000
343597384022|2199023255558|2010-12-13T17:41:53.249+0000
343597384022|2199023255611|2010-12-21T04:19:46.860+0000
343597384022|2199023255628|2010-12-12T07:30:23.114+0000
343597384022|2199023255637|2011-01-05T12:26:40.229+0000
343597384022|4398046511181|2010-12-14T03:29:13.235+0000
343597384022|6597069766684|2010-12-10T06:08:16.160+0000
343597384022|8796093022227|2010-12-21T15:40:03.698+0000
343597384022|10995116277761|2011-01-04T13:40:59.006+0000
343597384022|10995116277769|2011-02-01T20:49:01.689+0000
343597384022|10995116277818|2011-01-01T00:37:59.264+0000
343597384022|13194139533330|2011-03-24T16:31:14.357+0000
343597384022|13194139533402|2011-03-21T18:03:01.543+0000
343597384022|15393162788868|2011-04-25T12:33:29.614+0000
343597384022|15393162788915|2011-04-28T02:21:28.844+0000
343597384022|17592186044508|2011-06-18T08:07:18.899+0000
343597384022|19791209299992|2011-09-23T18:45:25.375+0000
343597384022|19791209300024|2011-09-29T03:49:51.463+0000
412316860759|17592186044456|2011-06-18T12:20:59.767+0000
412316860759|17592186044508|2011-06-06T00:55:12.768+0000
412316860759|21990232555554|2011-11-07T04:44:04.746+0000
412316860761|17592186044508|2011-06-27T14:56:23.891+0000
481036337499|17592186044508|2011-06-18T04:42:09.450+0000
687194767709|17592186044456|2011-11-11T20:48:04.609+0000
687194767711|17592186044456|2011-10-30T00:02:23.797+0000
481036337504|17592186044508|2011-10-12T03:40:36.080+0000
412316860771|17592186044456|2011-10-18T03:15:23.884+0000
412316860771|17592186044508|2011-08-07T01:04:12.185+0000
412316860772|4398046511181|2011-03-29T06:53:32.134+0000
618475290981|15393162788868|2011-10-06T20:00:34.266+0000
618475290981|17592186044509|2011-10-07T01:36:26.878+0000
343597384038|2199023255593|2010-12-24T16:01:25.547+0000
343597384038|2199023255611|2010-12-09T10:23:15.380+0000
343597384038|2199023255628|2010-12-05T19:50:43.246+0000
343597384038|10995116277848|2011-01-21T11:39:09.681+0000
343597384038|13194139533364|2011-03-11T05:27:46.010+0000
343597384038|13194139533378|2011-04-02T09:11:13.424+0000
343597384038|15393162788955|2011-05-09T13:29:12.973+0000
343597384038|19791209299992|2011-10-04T21:31:39.206+0000
412316860776|10995116277789|2011-06-17T21:18:06.808+0000
412316860776|13194139533390|2011-09-08T05:27:05.285+0000
412316860776|2199023255593|2011-07-21T15:45:08.879+0000
412316860776|13194139533364|2011-04-27T01:35:37.780+0000
412316860776|2199023255611|2011-06-06T23:38:46.680+0000
412316860776|2199023255628|2011-05-12T05:02:04.832+0000
412316860776|17592186044509|2011-10-14T16:58:19.810+0000
412316860776|17592186044454|2011-09-22T13:22:15.918+0000
412316860776|13194139533378|2011-05-02T09:21:03.994+0000
412316860776|65|2011-05-26T16:14:07.920+0000
412316860776|19791209300014|2011-11-06T02:53:21.787+0000
412316860776|15393162788955|2011-07-21T21:46:04.291+0000
412316860776|19791209299992|2011-10-22T14:34:43.026+0000
412316860776|94|2011-06-15T00:45:03.828+0000
412316860776|21990232555555|2011-11-05T20:03:36.657+0000
412316860776|4398046511107|2011-10-13T21:40:18.058+0000
412316860776|2199023255562|2011-10-19T14:05:46.875+0000
412316860776|8796093022216|2011-11-11T01:01:46.746+0000
412316860776|17592186044446|2011-08-14T04:08:47.644+0000
412316860776|2199023255565|2011-04-07T00:03:26.182+0000
412316860776|17592186044490|2011-09-20T14:54:48.266+0000
412316860776|2199023255602|2011-06-28T16:21:58.642+0000
412316860776|8796093022287|2011-06-24T12:51:20.868+0000
412316860776|17592186044430|2011-07-31T06:41:28.638+0000
412316860776|96|2011-08-28T14:12:41.282+0000
412316860776|13194139533365|2011-09-05T03:27:29.272+0000
412316860776|15393162788908|2011-11-03T21:13:45.197+0000
412316860776|4398046511167|2011-04-20T02:05:48.083+0000
412316860776|8796093022240|2011-03-28T07:12:59.919+0000
412316860776|15393162788961|2011-08-11T12:14:22.549+0000
412316860776|13194139533357|2011-08-27T11:05:53.288+0000
412316860776|6597069766684|2011-08-11T20:48:17.994+0000
412316860776|10995116277762|2011-09-15T14:24:10.529+0000
412316860776|17592186044443|2011-07-16T05:30:03.911+0000
412316860776|17592186044499|2011-06-22T13:57:39.527+0000
412316860776|17592186044484|2011-07-27T03:31:00.559+0000
412316860776|4398046511143|2011-04-24T14:54:46.471+0000
412316860776|19791209300039|2011-10-09T03:36:46.824+0000
412316860776|6597069766745|2011-11-08T11:30:05.149+0000
412316860776|4398046511181|2011-04-23T08:16:26.344+0000
412316860776|8796093022227|2011-09-06T06:10:03.516+0000
412316860776|10995116277783|2011-11-16T09:44:40.060+0000
412316860776|10995116277807|2011-10-16T05:01:41.185+0000
481036337513|2199023255611|2011-05-16T01:26:30.808+0000
481036337513|2199023255628|2011-08-25T03:11:45.986+0000
481036337513|13194139533378|2011-10-05T12:25:05.824+0000
481036337513|19791209299992|2011-10-26T14:24:10.589+0000
343597384042|2199023255628|2011-06-22T12:47:02.635+0000
343597384042|10995116277848|2011-09-23T21:27:11.260+0000
343597384042|13194139533364|2011-10-03T11:54:27.363+0000
618475290987|10995116277848|2011-10-25T03:20:18.430+0000
618475290987|13194139533364|2011-10-17T19:12:04.389+0000
618475290987|13194139533378|2011-10-15T19:17:08.801+0000
343597384044|2199023255611|2011-11-13T10:39:53.884+0000
343597384044|2199023255628|2010-12-31T14:37:51.327+0000
343597384044|13194139533378|2011-11-19T04:28:17.208+0000
412316860781|2199023255593|2011-06-16T01:30:02.429+0000
412316860781|2199023255628|2011-03-25T03:49:01.850+0000
412316860781|10995116277848|2011-09-29T06:09:21.208+0000
412316860781|13194139533378|2011-10-18T06:30:37.344+0000
412316860781|15393162788955|2011-05-17T05:49:55.949+0000
412316860781|19791209299992|2011-10-20T19:14:29.355+0000
343597384046|2199023255593|2011-09-21T07:43:43.650+0000
343597384046|2199023255611|2011-09-21T04:11:19.781+0000
343597384046|2199023255628|2011-07-30T08:54:28.072+0000
343597384046|10995116277848|2011-08-20T02:04:33.866+0000
343597384046|13194139533364|2011-08-26T10:47:25.674+0000
343597384046|13194139533378|2011-04-29T02:42:18.167+0000
618475290991|2199023255628|2011-09-04T22:56:55.852+0000
618475290991|10995116277848|2011-10-04T22:15:30.216+0000
618475290991|19791209299992|2011-11-01T02:44:20.994+0000
618475290992|2199023255593|2011-08-15T06:05:17.329+0000
618475290992|2199023255628|2011-11-08T20:42:22.241+0000
618475290992|15393162788955|2011-11-08T12:20:56.084+0000
343597384049|2199023255611|2011-04-06T21:39:17.547+0000
343597384049|2199023255628|2011-10-09T10:02:50.917+0000
343597384049|13194139533364|2011-03-23T04:14:38.716+0000
343597384049|15393162788955|2011-06-17T11:50:17.886+0000
618475290994|2199023255593|2011-08-28T21:10:46.328+0000
618475290994|10995116277848|2011-10-31T22:59:04.849+0000
618475290994|13194139533364|2011-09-06T21:21:42.907+0000
618475290994|15393162788955|2011-11-04T13:08:58.208+0000
412316860787|2199023255593|2011-04-12T02:49:54.792+0000
412316860787|2199023255611|2011-11-11T02:13:46.234+0000
412316860787|10995116277848|2011-03-10T10:07:19.360+0000
412316860787|13194139533378|2011-06-18T08:48:44.680+0000
549755814262|2199023255628|2011-07-29T07:21:42.267+0000
549755814262|13194139533364|2011-10-16T16:10:31.527+0000
549755814262|13194139533378|2011-06-18T01:41:47.391+0000
481036337527|2199023255611|2011-05-09T01:10:07.029+0000
481036337527|13194139533364|2011-05-03T00:13:12.707+0000
481036337527|17592186044456|2011-06-26T05:38:18.781+0000
549755814264|2199023255565|2011-06-16T20:18:01.393+0000
549755814264|4398046511167|2011-06-20T16:58:57.565+0000
549755814264|6597069766742|2011-06-20T06:09:58.386+0000
549755814264|8796093022240|2011-06-12T21:37:37.462+0000
549755814264|8796093022287|2011-06-19T12:30:36.051+0000
549755814264|10995116277761|2011-06-17T13:20:32.300+0000
549755814264|10995116277769|2011-06-20T05:42:16.253+0000
549755814264|13194139533328|2011-06-24T07:34:56.906+0000
549755814264|13194139533357|2011-06-18T12:20:59.767+0000
549755814264|15393162788868|2011-06-12T11:12:50.148+0000
549755814264|15393162788961|2011-06-26T05:38:18.781+0000
549755814264|17592186044508|2011-06-16T21:02:42.880+0000
549755814264|21990232555554|2011-11-18T16:21:07.143+0000
549755814264|21990232555604|2011-09-29T02:47:20.730+0000
412316860793|2199023255628|2011-03-10T13:21:28.171+0000
412316860793|4398046511126|2011-02-21T18:57:09.803+0000
412316860793|4398046511181|2011-03-04T22:03:12.271+0000
412316860793|10995116277789|2011-03-11T05:27:46.010+0000
412316860793|10995116277818|2011-03-02T07:07:47.816+0000
412316860793|15393162788961|2011-05-03T00:13:12.707+0000
68719477114|2199023255593|2010-06-16T02:22:57.912+0000
68719477114|2199023255625|2010-06-06T04:22:04.932+0000
68719477114|4398046511181|2010-07-17T12:42:34.814+0000
68719477114|6597069766661|2010-10-07T03:47:10.809+0000
68719477114|10995116277789|2010-12-09T10:23:15.380+0000
68719477114|10995116277802|2010-12-21T04:19:46.860+0000
68719477114|13194139533348|2011-03-29T07:45:06.082+0000
68719477114|13194139533378|2011-03-28T08:40:33.016+0000
68719477114|15393162788955|2011-05-18T23:00:00.179+0000
68719477114|15393162788961|2011-05-09T01:10:07.029+0000
274877907323|4398046511181|2010-11-26T11:24:42.734+0000
274877907323|15393162788908|2011-06-16T18:27:45.673+0000
618475291006|4398046511181|2011-10-30T10:14:22.664+0000
618475291006|15393162788908|2011-11-19T01:01:18.892+0000
618475291009|15393162788908|2011-11-18T17:46:38.633+0000
481036337538|4398046511181|2011-10-26T04:24:33.880+0000
481036337538|15393162788908|2011-09-26T11:04:41.636+0000
618475291011|4398046511181|2011-10-28T14:52:28.436+0000
618475291011|15393162788908|2011-10-10T03:14:04.998+0000
549755814276|4398046511181|2011-10-10T01:03:33.773+0000
549755814276|15393162788908|2011-10-01T22:10:01.802+0000
618475291014|4398046511181|2011-09-07T14:29:08.457+0000
274877907335|4398046511181|2011-04-18T22:29:33.708+0000
274877907335|15393162788908|2011-08-21T23:07:05.528+0000
68719477138|17592186044456|2011-06-16T20:18:01.393+0000
412316860819|4398046511181|2011-04-03T04:14:41.849+0000
412316860819|8796093022228|2011-03-12T17:34:49.082+0000
412316860819|10995116277802|2011-03-24T16:31:14.357+0000
412316860819|15393162788868|2011-04-14T11:54:53.577+0000
618475291028|4398046511181|2011-11-05T11:26:00.502+0000
618475291028|8796093022228|2011-09-27T02:09:37.578+0000
618475291028|10995116277802|2011-08-09T02:28:15.029+0000
618475291028|15393162788868|2011-08-04T19:55:00.291+0000
618475291029|10995116277802|2011-10-25T09:14:03.858+0000
618475291029|15393162788868|2011-09-30T01:02:11.454+0000
687194767766|8796093022228|2011-10-19T21:19:10.149+0000
481036337559|8796093022228|2011-11-10T23:32:25.474+0000
481036337559|10995116277802|2011-07-27T09:34:13.837+0000
481036337559|15393162788868|2011-10-27T07:03:05.422+0000
618475291032|4398046511181|2011-11-14T10:09:06.701+0000
618475291032|8796093022228|2011-10-01T19:39:46.209+0000
618475291032|15393162788868|2011-09-12T06:21:47.536+0000
549755814297|8796093022228|2011-09-02T05:29:51.565+0000
549755814297|10995116277802|2011-07-28T15:17:53.625+0000
549755814297|15393162788868|2011-11-07T07:29:02.732+0000
549755814298|4398046511181|2011-10-28T18:56:59.317+0000
549755814298|10995116277802|2011-06-19T22:46:30.535+0000
481036337563|4398046511181|2011-09-25T18:49:24.447+0000
481036337563|8796093022228|2011-07-11T14:58:11.762+0000
481036337563|10995116277802|2011-09-16T03:54:35.947+0000
481036337563|15393162788868|2011-08-18T15:51:11.677+0000
481036337564|8796093022228|2011-06-10T12:45:48.797+0000
481036337564|10995116277802|2011-05-10T05:29:41.293+0000
618475291037|8796093022228|2011-11-05T02:42:25.901+0000
618475291037|15393162788868|2011-10-14T17:29:34.163+0000
618475291042|10995116277769|2011-08-23T02:12:13.148+0000
274877907364|10995116277769|2011-01-24T13:23:23.647+0000
274877907364|10995116277802|2010-12-21T15:40:03.698+0000
274877907367|10995116277802|2011-04-10T19:30:44.809+0000
618475291048|10995116277769|2011-09-28T05:22:06.181+0000
618475291048|10995116277802|2011-10-19T11:24:28.230+0000
549755814315|10995116277802|2011-09-15T15:54:11.703+0000
549755814316|10995116277802|2011-11-03T09:34:22.945+0000
343597384116|94|2011-01-28T15:30:19.989+0000
343597384116|2199023255628|2011-02-02T14:35:42.304+0000
343597384116|8796093022240|2011-02-03T09:06:56.972+0000
343597384116|10995116277761|2011-01-26T12:42:30.153+0000
343597384116|10995116277848|2011-01-17T16:24:27.564+0000
343597384116|21990232555554|2011-10-30T14:13:46.771+0000
343597384116|21990232555618|2011-11-17T18:18:30.157+0000
687194767797|94|2011-11-13T10:27:38.092+0000
687194767797|10995116277761|2011-11-11T09:25:23.037+0000
687194767797|21990232555554|2011-11-09T18:53:55.669+0000
687194767798|10995116277848|2011-11-09T12:07:55.386+0000
687194767798|21990232555554|2011-11-05T10:35:58.455+0000
343597384119|2199023255628|2011-04-02T17:38:42.518+0000
343597384119|10995116277848|2011-07-24T07:32:46.311+0000
549755814328|2199023255628|2011-06-30T23:13:39.596+0000
549755814328|8796093022240|2011-06-26T15:57:33.541+0000
549755814329|94|2011-10-07T16:34:34.158+0000
549755814329|10995116277761|2011-11-08T07:06:32.910+0000
549755814329|10995116277848|2011-09-15T06:38:32.823+0000
412316860859|2199023255628|2011-08-07T05:10:57.037+0000
412316860859|8796093022240|2011-05-10T07:53:22.119+0000
412316860859|10995116277761|2011-09-09T23:48:54.797+0000
481036337597|94|2011-07-17T11:56:45.750+0000
481036337597|2199023255628|2011-06-12T13:24:49.023+0000
481036337597|10995116277848|2011-04-12T13:20:40.390+0000
481036337598|94|2011-07-26T09:04:39.276+0000
481036337598|8796093022240|2011-08-26T11:08:08.000+0000
481036337598|10995116277848|2011-10-17T12:08:44.923+0000
481036337600|2199023255628|2011-06-10T09:33:03.618+0000
481036337600|8796093022240|2011-06-16T16:03:55.404+0000
481036337600|10995116277848|2011-09-08T13:23:39.670+0000
274877907394|2199023255625|2010-11-22T11:41:09.078+0000
274877907394|4398046511168|2010-11-27T15:03:21.306+0000
274877907394|4398046511185|2010-11-25T03:00:35.520+0000
274877907394|10995116277803|2011-02-03T09:06:56.972+0000
274877907394|17592186044456|2011-06-12T21:37:37.462+0000
274877907394|21990232555554|2011-11-18T05:11:03.246+0000
412316860867|19791209299992|2011-09-09T01:24:11.246+0000
549755814359|10995116277769|2011-06-26T21:40:48.087+0000
549755814359|15393162788868|2011-06-05T06:06:00.416+0000
549755814360|15393162788868|2011-07-22T02:10:47.742+0000
549755814365|10995116277769|2011-09-29T07:16:26.102+0000
687194767838|10995116277769|2011-11-12T23:56:06.639+0000
549755814367|15393162788868|2011-08-02T11:13:40.533+0000
481036337632|10995116277769|2011-04-17T12:50:39.672+0000
481036337632|10995116277802|2011-04-28T02:21:28.844+0000
481036337632|10995116277818|2011-05-02T20:09:14.372+0000
68719477217|2199023255611|2010-06-16T02:22:57.912+0000
68719477217|2199023255637|2010-05-20T00:33:49.105+0000
68719477217|4398046511141|2010-07-12T03:53:03.514+0000
68719477217|10995116277769|2011-02-14T10:41:24.263+0000
68719477217|10995116277789|2010-12-24T16:01:25.547+0000
68719477217|13194139533378|2011-04-14T02:34:34.804+0000
68719477217|15393162788868|2011-04-21T08:49:40.081+0000
68719477217|19791209299992|2011-09-27T21:27:47.913+0000
343597384162|4398046511141|2011-04-19T19:42:37.002+0000
343597384162|10995116277769|2011-11-03T17:07:00.670+0000
343597384162|10995116277789|2011-08-14T23:03:34.530+0000
343597384162|15393162788868|2011-05-29T03:18:24.992+0000
343597384162|19791209299992|2011-10-24T01:54:53.289+0000
687194767843|13194139533378|2011-11-09T15:15:18.453+0000
412316860900|2199023255611|2011-04-01T09:14:25.942+0000
412316860900|2199023255637|2011-11-11T02:23:21.160+0000
412316860900|10995116277789|2011-04-30T10:30:46.396+0000
206158430693|10995116277769|2011-05-01T08:38:11.384+0000
206158430693|10995116277789|2011-05-07T21:25:23.121+0000
206158430693|15393162788868|2011-10-15T15:15:24.918+0000
549755814374|4398046511141|2011-08-30T23:07:29.684+0000
549755814374|13194139533378|2011-09-27T02:32:17.788+0000
549755814374|15393162788868|2011-06-19T01:36:38.025+0000
549755814375|2199023255637|2011-06-21T22:44:18.204+0000
549755814375|10995116277789|2011-07-01T02:13:28.550+0000
549755814375|13194139533378|2011-10-01T23:42:09.415+0000
549755814375|15393162788868|2011-11-01T08:29:30.527+0000
549755814375|19791209299992|2011-11-19T00:42:25.379+0000
68719477224|13194139533378|2011-09-18T06:34:54.807+0000
68719477224|19791209299992|2011-11-10T23:16:19.041+0000
137438953961|2199023255637|2010-12-02T20:58:37.787+0000
137438953961|10995116277789|2011-04-28T14:27:15.150+0000
687194767850|4398046511141|2011-11-17T06:53:17.522+0000
687194767850|13194139533378|2011-10-29T06:20:28.736+0000
687194767850|15393162788868|2011-11-06T22:43:10.294+0000
618475291115|2199023255611|2011-11-07T19:45:21.830+0000
618475291115|10995116277769|2011-08-25T19:58:19.468+0000
618475291115|15393162788868|2011-11-11T13:53:50.826+0000
206158430700|2199023255637|2010-10-08T08:06:15.572+0000
206158430700|10995116277769|2011-06-20T13:48:14.093+0000
206158430700|19791209299992|2011-10-13T22:38:54.378+0000
687194767853|4398046511141|2011-11-03T18:19:10.631+0000
687194767853|10995116277769|2011-10-24T14:31:40.071+0000
687194767853|15393162788868|2011-10-26T21:43:24.644+0000
137438953966|2199023255611|2010-12-19T04:53:30.355+0000
137438953966|4398046511141|2011-06-22T08:34:37.569+0000
137438953966|10995116277769|2011-05-05T08:23:16.771+0000
137438953966|10995116277789|2011-11-14T00:36:34.221+0000
137438953966|13194139533378|2011-05-13T23:45:19.938+0000
137438953966|15393162788868|2011-05-27T11:45:16.102+0000
549755814383|10995116277789|2011-07-24T02:43:00.608+0000
549755814383|13194139533378|2011-10-16T02:14:29.148+0000
549755814383|15393162788868|2011-10-20T00:44:20.235+0000
206158430705|4398046511141|2011-02-13T07:03:22.875+0000
206158430705|10995116277769|2011-03-16T11:51:09.090+0000
206158430705|10995116277789|2011-10-27T06:26:03.109+0000
412316860914|2199023255637|2011-08-06T08:11:57.007+0000
412316860914|4398046511141|2011-10-24T15:50:02.872+0000
412316860914|10995116277789|2011-04-08T02:49:03.061+0000
412316860914|13194139533378|2011-06-10T04:23:08.141+0000
687194767859|4398046511141|2011-10-31T08:16:23.605+0000
687194767859|10995116277769|2011-11-12T11:37:05.764+0000
206158430708|2199023255637|2011-07-25T03:21:18.765+0000
206158430708|13194139533378|2011-07-18T21:32:45.132+0000
618475291125|2199023255611|2011-10-21T16:03:05.338+0000
618475291125|4398046511141|2011-08-24T09:19:44.428+0000
618475291125|10995116277769|2011-11-03T19:25:49.067+0000
618475291125|10995116277789|2011-10-04T05:46:14.572+0000
618475291125|13194139533378|2011-11-04T23:11:40.673+0000
618475291125|15393162788868|2011-08-17T22:14:18.332+0000
412316860918|2199023255611|2011-02-15T21:04:37.624+0000
412316860918|2199023255637|2011-06-29T09:08:41.088+0000
412316860918|4398046511141|2011-09-08T14:43:51.143+0000
412316860918|10995116277769|2011-07-16T21:11:20.329+0000
412316860918|10995116277789|2011-03-15T21:37:03.668+0000
412316860918|13194139533378|2011-10-16T17:49:29.614+0000
412316860918|15393162788868|2011-10-21T03:36:31.945+0000
412316860918|19791209299992|2011-11-16T08:07:19.594+0000
343597384183|4398046511126|2011-01-01T21:45:50.365+0000
343597384183|10995116277769|2011-01-26T12:23:22.634+0000
137438953978|4398046511168|2010-07-11T20:06:25.463+0000
137438953978|6597069766742|2010-10-07T15:46:45.062+0000
137438953978|8796093022240|2010-11-25T03:00:35.520+0000
137438953978|10995116277769|2011-01-31T06:00:42.423+0000
137438953978|15393162788868|2011-04-23T17:54:04.545+0000
137438953978|17592186044508|2011-06-07T04:51:11.344+0000
137438953978|21990232555554|2011-11-04T17:18:59.903+0000
137438953979|15393162788868|2011-06-14T15:29:43.167+0000
618475291132|17592186044508|2011-11-07T10:39:56.946+0000
481036337661|4398046511168|2011-08-15T14:45:12.390+0000
481036337661|6597069766742|2011-05-19T03:09:20.668+0000
481036337661|8796093022240|2011-05-27T11:35:00.634+0000
481036337661|10995116277769|2011-09-08T07:21:46.923+0000
481036337661|15393162788868|2011-08-20T22:52:33.507+0000
481036337661|17592186044508|2011-07-28T18:45:16.153+0000
343597384190|4398046511168|2011-10-15T02:56:14.367+0000
343597384190|8796093022240|2010-12-15T20:14:41.360+0000
343597384190|10995116277769|2011-05-14T16:27:47.413+0000
343597384190|15393162788868|2011-11-07T05:04:40.473+0000
206158430719|4398046511168|2010-11-26T19:28:48.376+0000
206158430719|8796093022240|2011-01-03T07:04:52.646+0000
206158430719|10995116277769|2011-11-10T19:53:49.292+0000
206158430719|17592186044508|2011-08-31T00:11:02.625+0000
412316860928|4398046511168|2011-07-19T08:05:09.932+0000
412316860928|8796093022240|2011-10-08T10:11:58.676+0000
412316860928|15393162788868|2011-04-27T19:00:12.336+0000
412316860928|17592186044508|2011-08-17T12:24:10.167+0000
687194767874|10995116277769|2011-11-16T04:36:12.765+0000
618475291139|4398046511168|2011-11-09T04:03:32.057+0000
618475291139|6597069766742|2011-11-17T11:49:40.313+0000
618475291139|10995116277769|2011-09-18T09:48:45.809+0000
618475291139|15393162788868|2011-10-19T23:11:21.127+0000
549755814404|15393162788868|2011-10-23T23:47:37.326+0000
549755814404|17592186044508|2011-09-08T11:53:44.849+0000
618475291141|4398046511168|2011-10-30T22:26:20.664+0000
618475291141|6597069766742|2011-08-26T01:36:04.136+0000
618475291141|8796093022240|2011-10-12T07:11:38.971+0000
618475291141|10995116277769|2011-09-09T15:08:38.619+0000
618475291141|15393162788868|2011-09-08T15:30:47.173+0000
618475291141|17592186044508|2011-11-03T10:19:48.165+0000
343597384198|15393162788868|2011-07-24T12:56:55.419+0000
343597384199|4398046511168|2011-10-15T22:52:14.043+0000
343597384199|6597069766742|2011-03-27T14:54:57.793+0000
343597384199|8796093022240|2011-03-15T23:13:28.072+0000
343597384199|21990232555554|2011-11-09T22:05:33.621+0000
618475291145|4398046511168|2011-10-09T06:03:55.889+0000
618475291145|6597069766742|2011-09-29T20:39:34.859+0000
618475291145|8796093022240|2011-10-21T13:01:06.889+0000
618475291145|10995116277769|2011-11-04T22:44:07.322+0000
618475291145|17592186044508|2011-10-24T05:45:38.735+0000
412316860938|4398046511168|2011-04-16T19:06:09.971+0000
412316860938|6597069766742|2011-09-30T04:19:21.288+0000
412316860938|8796093022240|2011-05-16T03:46:55.543+0000
412316860938|15393162788868|2011-10-29T22:38:44.813+0000
206158430731|4398046511168|2011-08-20T02:50:57.828+0000
206158430731|6597069766742|2010-12-20T18:26:41.188+0000
206158430731|8796093022240|2011-02-14T09:05:18.226+0000
206158430731|17592186044508|2011-07-27T21:35:04.441+0000
274877907468|6597069766742|2011-03-20T15:24:05.963+0000
274877907468|8796093022240|2011-01-12T20:22:25.080+0000
274877907468|17592186044508|2011-11-02T23:35:42.604+0000
549755814413|4398046511168|2011-07-14T08:33:15.628+0000
549755814413|8796093022240|2011-10-28T12:52:59.729+0000
549755814413|15393162788868|2011-11-10T08:35:54.291+0000
618475291150|6597069766742|2011-11-07T07:47:26.600+0000
618475291150|15393162788868|2011-10-22T04:05:13.614+0000
481036337680|2199023255593|2011-04-21T08:49:40.081+0000
481036337680|4398046511168|2011-04-06T09:41:58.747+0000
481036337680|4398046511181|2011-04-26T21:06:54.550+0000
481036337680|4398046511185|2011-04-23T17:54:04.545+0000
481036337680|6597069766684|2011-04-15T10:55:21.044+0000
481036337680|8796093022228|2011-04-14T09:58:13.588+0000
481036337680|10995116277761|2011-04-08T05:04:02.490+0000
481036337680|10995116277762|2011-04-21T06:09:18.183+0000
481036337680|10995116277769|2011-05-01T15:33:16.657+0000
481036337680|10995116277802|2011-04-25T12:33:29.614+0000
481036337680|13194139533330|2011-04-14T11:54:53.577+0000
481036337680|15393162788895|2011-05-30T23:49:36.390+0000
481036337680|15393162788955|2011-05-11T16:16:53.592+0000
481036337680|17592186044423|2011-06-05T06:06:00.416+0000
481036337680|17592186044456|2011-06-12T11:12:50.148+0000
481036337680|17592186044508|2011-05-30T05:48:17.655+0000
481036337680|19791209299992|2011-10-02T18:56:12.813+0000
481036337680|19791209300014|2011-10-06T20:00:34.266+0000
481036337680|19791209300024|2011-09-07T12:53:43.226+0000
481036337680|21990232555554|2011-11-04T09:35:57.114+0000
481036337680|21990232555604|2011-10-14T01:55:58.298+0000
687194767911|10995116277769|2011-11-13T07:59:34.250+0000
687194767911|15393162788955|2011-11-05T16:35:31.979+0000
618475291186|10995116277802|2011-09-29T03:49:51.463+0000
618475291186|15393162788868|2011-09-07T12:53:43.226+0000
137438954040|4398046511173|2010-07-10T01:42:48.778+0000
137438954040|4398046511185|2010-07-11T20:06:25.463+0000
137438954040|6597069766742|2010-10-07T18:29:52.984+0000
137438954040|8796093022240|2010-11-27T15:03:21.306+0000
137438954040|15393162788868|2011-04-06T09:41:58.747+0000
137438954040|17592186044509|2011-06-29T22:52:32.050+0000
137438954040|19791209299992|2011-09-23T21:37:37.795+0000
137438954040|21990232555554|2011-10-25T15:58:58.232+0000
343597384249|4398046511185|2011-05-16T21:53:15.376+0000
343597384249|8796093022240|2011-10-08T01:39:58.734+0000
687194767930|4398046511173|2011-11-04T10:11:13.473+0000
687194767930|6597069766742|2011-11-11T16:17:45.796+0000
687194767930|17592186044509|2011-11-05T12:29:39.203+0000
137438954043|4398046511173|2011-03-07T13:50:14.972+0000
137438954043|4398046511185|2011-09-15T07:15:18.931+0000
137438954043|8796093022240|2011-01-06T23:00:03.166+0000
412316860988|4398046511173|2011-06-11T11:12:33.246+0000
412316860988|4398046511185|2011-02-15T15:51:32.485+0000
412316860988|6597069766742|2011-06-08T11:32:32.257+0000
412316860988|8796093022240|2011-03-21T20:25:47.034+0000
412316860988|15393162788868|2011-04-06T14:20:53.171+0000
412316860988|17592186044509|2011-07-24T00:59:04.533+0000
618475291197|4398046511185|2011-11-08T18:37:27.339+0000
274877907518|4398046511173|2011-09-01T13:01:32.726+0000
274877907518|19791209299992|2011-11-14T23:55:26.981+0000
481036337727|4398046511185|2011-09-02T10:51:55.033+0000
481036337727|8796093022240|2011-09-04T12:07:02.222+0000
481036337727|15393162788868|2011-08-11T05:13:47.876+0000
481036337727|17592186044509|2011-09-09T23:26:20.271+0000
481036337727|19791209299992|2011-10-10T01:09:01.694+0000
481036337727|21990232555554|2011-11-13T13:57:49.915+0000
206158430784|4398046511173|2011-06-02T13:42:42.737+0000
206158430784|4398046511185|2011-10-02T22:22:37.091+0000
206158430784|6597069766742|2010-10-21T22:55:47.057+0000
206158430784|15393162788868|2011-07-08T13:41:28.786+0000
206158430784|17592186044509|2011-10-29T18:10:16.909+0000
206158430785|4398046511185|2011-03-19T09:49:52.270+0000
206158430785|6597069766742|2011-03-14T22:05:57.539+0000
206158430785|8796093022240|2011-04-17T01:39:27.143+0000
206158430785|15393162788868|2011-06-18T22:07:32.869+0000
549755814466|8796093022240|2011-06-29T03:03:00.413+0000
549755814466|15393162788868|2011-07-08T21:54:55.328+0000
549755814466|17592186044509|2011-10-23T19:57:54.711+0000
412316860995|8796093022240|2011-05-01T02:24:22.769+0000
412316860995|15393162788868|2011-09-14T23:52:24.511+0000
412316860995|17592186044509|2011-08-18T23:43:49.780+0000
412316860995|21990232555554|2011-11-05T11:15:15.707+0000
206158430788|4398046511173|2011-01-11T07:03:17.518+0000
206158430788|6597069766742|2011-10-29T00:35:11.511+0000
206158430788|8796093022240|2011-03-15T03:58:06.039+0000
206158430788|15393162788868|2011-04-15T04:55:23.184+0000
206158430788|21990232555554|2011-10-29T10:03:36.131+0000
206158430789|4398046511185|2010-12-06T08:30:59.573+0000
206158430789|8796093022240|2011-02-04T08:27:10.359+0000
206158430789|21990232555554|2011-10-29T19:52:37.226+0000
481036337734|8796093022240|2011-08-19T05:05:47.122+0000
481036337734|17592186044509|2011-10-14T07:02:35.818+0000
687194767943|4398046511173|2011-10-13T03:34:21.319+0000
687194767943|4398046511185|2011-10-13T04:41:24.148+0000
412316861000|4398046511173|2011-10-03T09:39:39.276+0000
412316861000|8796093022240|2011-03-30T21:24:39.758+0000
343597384265|4398046511173|2011-02-21T22:11:13.629+0000
343597384265|4398046511185|2011-09-01T13:58:29.574+0000
343597384265|8796093022240|2011-07-22T22:42:01.446+0000
618475291210|6597069766742|2011-11-17T01:40:12.445+0000
618475291210|19791209299992|2011-11-14T06:38:39.803+0000
687194767947|6597069766742|2011-10-12T18:15:45.882+0000
687194767947|8796093022240|2011-09-30T14:58:20.020+0000
687194767947|19791209299992|2011-11-07T10:38:09.998+0000
687194767947|21990232555554|2011-11-14T14:03:18.524+0000
68719477324|4398046511126|2010-07-15T21:39:36.365+0000
68719477324|4398046511173|2010-06-27T01:29:27.168+0000
68719477324|4398046511181|2010-06-23T18:08:11.190+0000
68719477324|6597069766684|2010-09-21T11:18:44.590+0000
68719477324|6597069766716|2010-10-04T04:24:44.640+0000
68719477324|10995116277789|2010-12-05T19:50:43.246+0000
68719477324|10995116277802|2010-12-12T07:30:23.114+0000
68719477324|10995116277803|2011-02-02T14:35:42.304+0000
68719477324|13194139533328|2011-03-14T09:59:18.420+0000
68719477324|13194139533364|2011-03-10T13:21:28.171+0000
68719477324|21990232555618|2011-11-14T17:53:46.042+0000
206158430797|4398046511126|2010-10-20T08:16:41.939+0000
206158430797|4398046511181|2010-09-10T07:03:36.438+0000
206158430797|6597069766684|2010-11-06T06:31:20.017+0000
206158430797|6597069766716|2011-08-16T15:21:45.350+0000
206158430797|10995116277802|2011-02-11T05:05:36.504+0000
206158430797|10995116277803|2011-09-10T03:51:53.890+0000
206158430797|13194139533328|2011-09-28T12:38:35.030+0000
206158430797|13194139533364|2011-09-02T13:40:18.903+0000
137438954062|4398046511126|2011-06-08T14:35:38.677+0000
137438954062|6597069766716|2010-11-08T04:26:10.633+0000
137438954062|10995116277789|2011-07-28T11:36:54.481+0000
137438954062|10995116277802|2011-03-20T11:22:56.779+0000
137438954062|13194139533328|2011-09-13T09:05:18.055+0000
549755814479|4398046511173|2011-08-09T16:33:43.801+0000
549755814479|10995116277789|2011-11-12T11:24:00.104+0000
549755814479|10995116277802|2011-07-19T10:30:17.332+0000
549755814479|13194139533364|2011-11-11T12:59:00.518+0000
343597384272|4398046511173|2011-08-28T19:15:09.453+0000
343597384272|4398046511181|2011-10-30T11:10:38.034+0000
343597384272|6597069766684|2011-04-14T17:04:39.783+0000
343597384272|10995116277802|2011-08-31T17:13:27.791+0000
343597384272|13194139533328|2011-04-30T03:41:29.566+0000
274877907537|4398046511126|2011-07-06T16:51:25.095+0000
274877907537|4398046511181|2011-11-12T04:21:26.254+0000
274877907537|10995116277802|2011-02-13T17:08:39.532+0000
274877907537|13194139533364|2011-09-22T23:02:18.330+0000
618475291219|10995116277789|2011-09-02T09:04:48.088+0000
618475291219|10995116277803|2011-11-18T23:21:00.613+0000
618475291219|13194139533364|2011-09-18T06:25:48.401+0000
343597384276|4398046511181|2011-10-10T11:41:06.198+0000
343597384276|10995116277789|2011-08-01T01:37:27.474+0000
343597384276|10995116277802|2011-10-27T18:00:54.187+0000
343597384276|13194139533328|2011-03-28T04:22:24.631+0000
687194767957|4398046511126|2011-11-19T19:57:24.548+0000
137438954070|4398046511126|2010-09-23T02:42:30.977+0000
137438954070|6597069766684|2011-01-14T22:57:31.547+0000
137438954070|10995116277802|2011-04-25T22:19:13.538+0000
137438954070|13194139533364|2011-04-23T09:43:50.231+0000
274877907547|4398046511126|2010-11-12T12:56:55.356+0000
274877907547|4398046511173|2011-09-01T11:14:35.095+0000
274877907547|4398046511181|2011-04-16T20:20:00.789+0000
274877907547|6597069766684|2011-05-23T04:22:34.938+0000
274877907547|10995116277789|2011-07-09T05:20:31.720+0000
274877907547|10995116277802|2011-05-31T15:32:18.881+0000
274877907547|10995116277803|2011-04-02T12:22:57.199+0000
274877907547|13194139533364|2011-06-09T22:30:00.854+0000
343597384284|4398046511173|2011-09-03T19:04:56.946+0000
343597384284|4398046511181|2011-08-10T17:48:05.787+0000
343597384284|6597069766684|2011-03-29T04:05:22.640+0000
343597384284|10995116277802|2011-09-10T03:21:21.690+0000
343597384284|10995116277803|2011-02-04T05:01:00.170+0000
343597384284|13194139533328|2011-10-17T10:22:08.484+0000
343597384284|13194139533364|2011-10-16T04:58:58.909+0000
618475291229|6597069766684|2011-08-24T20:05:39.743+0000
618475291229|6597069766716|2011-08-11T18:25:17.373+0000
618475291229|10995116277789|2011-09-30T20:46:42.056+0000
618475291229|10995116277802|2011-08-24T22:41:16.249+0000
618475291229|10995116277803|2011-11-04T05:25:46.951+0000
618475291229|13194139533328|2011-11-03T20:24:56.389+0000
412316861023|4398046511181|2011-07-25T17:30:08.899+0000
412316861023|6597069766716|2011-11-17T11:51:01.435+0000
412316861023|10995116277789|2011-04-23T08:29:36.453+0000
412316861023|10995116277803|2011-06-04T16:37:46.147+0000
618475291232|4398046511126|2011-09-30T16:12:30.643+0000
618475291232|4398046511173|2011-10-26T22:04:05.555+0000
618475291232|10995116277802|2011-09-17T01:45:22.057+0000
618475291232|13194139533328|2011-11-02T22:02:27.862+0000
618475291232|13194139533364|2011-10-05T21:53:22.901+0000
609|10995116277769|2011-02-01T13:03:42.620+0000
609|10995116277802|2011-01-05T05:55:58.500+0000
137438954082|10995116277769|2011-05-28T18:10:40.305+0000
137438954082|10995116277802|2011-07-10T03:08:04.484+0000
614|10995116277769|2011-02-05T12:44:22.374+0000
614|10995116277802|2011-08-15T05:48:06.241+0000
343597384295|10995116277769|2011-03-21T16:54:28.975+0000
343597384295|10995116277802|2011-09-25T00:06:24.440+0000
274877907560|10995116277802|2011-02-11T13:28:44.595+0000
412316861033|10995116277769|2011-08-30T00:19:14.703+0000
343597384298|10995116277802|2011-06-29T16:27:33.375+0000
206158430827|10995116277769|2011-10-29T07:18:43.309+0000
206158430827|10995116277802|2011-10-31T08:05:48.669+0000
68719477359|10995116277769|2011-08-27T22:44:19.642+0000
68719477359|10995116277802|2011-08-13T20:43:29.316+0000
274877907569|10995116277769|2011-02-19T15:05:20.278+0000
618475291256|10995116277769|2011-11-14T12:18:58.502+0000
68719477369|2199023255611|2010-06-06T04:22:04.932+0000
68719477369|8796093022240|2010-11-22T11:41:09.078+0000
68719477369|10995116277761|2011-01-07T14:10:21.711+0000
68719477369|13194139533348|2011-03-20T14:08:59.370+0000
68719477369|13194139533378|2011-03-29T16:04:24.424+0000
68719477369|15393162788955|2011-05-05T14:25:44.007+0000
68719477369|21990232555554|2011-11-10T18:07:33.084+0000
687194767994|2199023255628|2011-11-14T17:53:46.042+0000
687194767994|10995116277803|2011-11-17T18:18:30.157+0000
343597384315|10995116277769|2011-01-27T21:33:37.360+0000
343597384315|15393162788868|2011-04-21T06:09:18.183+0000
206158430845|4398046511168|2010-10-07T18:29:52.984+0000
206158430845|4398046511185|2010-10-07T15:46:45.062+0000
206158430845|17592186044456|2011-06-20T06:09:58.386+0000
343597384318|4398046511185|2011-09-07T06:47:55.469+0000
343597384318|17592186044456|2011-10-18T13:20:09.473+0000
343597384319|17592186044456|2011-07-26T07:26:42.187+0000
618475291265|4398046511168|2011-09-05T14:31:13.109+0000
618475291265|4398046511185|2011-11-13T00:56:21.393+0000
618475291265|17592186044456|2011-10-22T09:50:51.161+0000
618475291266|4398046511168|2011-11-03T01:57:58.089+0000
618475291266|4398046511185|2011-09-15T18:52:13.185+0000
481036337796|17592186044456|2011-08-29T16:06:23.915+0000
343597384325|4398046511185|2011-05-10T04:36:52.237+0000
343597384325|17592186044456|2011-09-28T13:24:45.372+0000
274877907590|4398046511168|2010-12-04T11:28:23.548+0000
274877907590|17592186044456|2011-11-02T23:59:57.015+0000
549755814536|4398046511168|2011-11-01T01:03:35.414+0000
412316861065|17592186044456|2011-06-23T14:48:00.789+0000
618475291274|4398046511168|2011-11-11T17:28:41.865+0000
343597384331|4398046511168|2011-11-03T13:30:29.378+0000
343597384331|4398046511185|2011-02-26T02:35:33.105+0000
618475291276|4398046511185|2011-08-29T19:28:11.562+0000
618475291276|17592186044456|2011-11-03T01:04:43.380+0000
343597384333|4398046511185|2011-04-28T04:20:29.779+0000
481036337806|94|2011-06-17T08:01:18.442+0000
481036337806|6597069766716|2011-06-17T08:35:59.701+0000
481036337806|8796093022216|2011-06-16T18:27:45.673+0000
481036337806|10995116277769|2011-06-14T16:13:07.876+0000
481036337806|17592186044430|2011-06-15T19:24:48.495+0000
549755814546|4398046511181|2011-07-11T08:13:29.602+0000
549755814546|15393162788895|2011-07-26T21:43:41.558+0000
137438954134|17592186044456|2011-06-20T16:58:57.565+0000
137438954134|21990232555554|2011-10-30T12:30:58.919+0000
206158430871|2199023255628|2010-09-21T11:18:44.590+0000
206158430871|4398046511181|2010-10-10T13:34:37.489+0000
206158430871|6597069766716|2010-10-07T07:05:38.035+0000
206158430871|6597069766738|2010-09-21T08:31:01.991+0000
206158430871|10995116277802|2010-12-10T06:08:16.160+0000
206158430871|13194139533328|2011-03-03T11:05:47.421+0000
206158430871|15393162788868|2011-04-15T10:55:21.044+0000
206158430871|17592186044443|2011-06-13T20:33:46.415+0000
549755814553|2199023255628|2011-07-26T20:18:30.322+0000
549755814553|4398046511181|2011-09-23T06:13:07.264+0000
549755814553|6597069766716|2011-07-12T20:37:26.267+0000
549755814553|6597069766738|2011-10-14T01:56:33.513+0000
618475291291|2199023255628|2011-10-27T08:41:14.862+0000
618475291291|6597069766738|2011-09-28T18:42:09.229+0000
618475291291|10995116277802|2011-08-22T06:20:12.102+0000
618475291291|13194139533328|2011-11-12T01:36:05.116+0000
481036337821|2199023255628|2011-06-06T16:28:32.334+0000
481036337821|6597069766716|2011-07-19T12:51:25.615+0000
481036337821|6597069766738|2011-07-08T01:40:48.738+0000
481036337821|10995116277802|2011-10-07T19:43:25.877+0000
549755814558|2199023255628|2011-08-29T05:20:21.357+0000
549755814558|6597069766716|2011-11-01T07:41:06.813+0000
549755814558|10995116277802|2011-09-12T17:57:10.538+0000
618475291295|4398046511181|2011-11-06T18:06:00.788+0000
618475291295|10995116277802|2011-10-03T02:38:51.844+0000
618475291295|13194139533328|2011-11-16T00:23:51.806+0000
687194768032|4398046511181|2011-11-05T19:00:56.262+0000
687194768032|6597069766716|2011-11-01T00:03:48.594+0000
687194768032|10995116277802|2011-11-14T08:13:38.754+0000
687194768033|6597069766716|2011-11-16T04:55:45.581+0000
549755814562|6597069766716|2011-06-28T10:34:22.979+0000
549755814562|6597069766738|2011-11-06T05:57:42.532+0000
549755814562|17592186044443|2011-08-25T15:00:43.959+0000
618475291299|6597069766738|2011-10-15T06:43:00.836+0000
618475291299|10995116277802|2011-10-22T03:29:21.479+0000
549755814565|6597069766716|2011-09-20T23:46:38.787+0000
549755814565|10995116277802|2011-07-28T13:33:26.275+0000
549755814565|13194139533328|2011-09-30T16:16:22.350+0000
549755814565|17592186044443|2011-08-27T07:47:17.197+0000
343597384359|2199023255628|2011-08-07T08:35:41.334+0000
343597384359|4398046511181|2011-09-25T19:48:54.573+0000
343597384359|6597069766716|2011-01-25T03:33:05.047+0000
549755814568|21990232555554|2011-11-19T22:57:10.070+0000
