id|title|creationDate
549755813888|Wall of Jose Alonso|2011-07-02T12:48:11.205+0000
687194767361|Album 0 of Jose Alonso|2011-10-21T21:37:01.820+0000
687194767362|Album 1 of Jose Alonso|2011-11-19T10:57:22.069+0000
687194767363|Album 2 of Jose Alonso|2011-10-25T04:12:50.644+0000
549755813892|Album 3 of Jose Alonso|2011-07-02T13:48:36.994+0000
618475290630|Album 5 of Jose Alonso|2011-09-12T02:41:53.129+0000
343597383689|Wall of Chong Zhang|2010-12-24T23:29:15.380+0000
412316860426|Wall of Cam Loan|2011-03-06T23:12:11.359+0000
137438953483|Wall of Alexei Feltsman|2010-06-08T06:42:29.724+0000
549755813900|Album 0 of Alexei Feltsman|2011-07-20T02:24:24.365+0000
618475290637|Album 1 of Alexei Feltsman|2011-08-21T09:38:39.958+0000
412316860430|Album 2 of Alexei Feltsman|2011-02-02T10:54:00.561+0000
549755813903|Album 3 of Alexei Feltsman|2011-06-27T09:43:34.973+0000
687194767376|Album 4 of Alexei Feltsman|2011-11-07T17:29:10.561+0000
618475290641|Album 5 of Alexei Feltsman|2011-09-10T09:20:16.245+0000
481036337170|Album 6 of Alexei Feltsman|2011-04-01T07:20:22.170+0000
481036337173|Album 9 of Alexei Feltsman|2011-04-18T04:25:52.971+0000
343597383702|Album 10 of Alexei Feltsman|2011-01-23T23:07:39.090+0000
206158430231|Album 11 of Alexei Feltsman|2010-08-27T10:32:44.196+0000
274877906968|Album 12 of Alexei Feltsman|2010-11-17T20:33:33.332+0000
343597383705|Album 13 of Alexei Feltsman|2010-12-10T13:54:31.699+0000
206158430234|Album 14 of Alexei Feltsman|2010-08-06T07:29:18.708+0000
206158430235|Album 15 of Alexei Feltsman|2010-08-30T08:26:09.439+0000
412316860444|Album 16 of Alexei Feltsman|2011-02-02T20:10:31.646+0000
343597383709|Album 17 of Alexei Feltsman|2010-12-29T20:06:57.049+0000
549755813918|Album 18 of Alexei Feltsman|2011-06-02T22:25:59.963+0000
481036337183|Album 19 of Alexei Feltsman|2011-04-25T09:11:57.347+0000
274877906976|Wall of Yahya Ould Ahmed El Abdallahi|2010-10-06T14:49:00.043+0000
687194767393|Album 0 of Yahya Ould Ahmed El Abdallahi|2011-09-27T14:32:57.821+0000
618475290658|Album 1 of Yahya Ould Ahmed El Abdallahi|2011-07-27T11:00:58.272+0000
618475290659|Album 2 of Yahya Ould Ahmed El Abdallahi|2011-08-20T19:37:30.687+0000
412316860453|Album 4 of Yahya Ould Ahmed El Abdallahi|2011-02-17T04:59:11.103+0000
618475290662|Album 5 of Yahya Ould Ahmed El Abdallahi|2011-08-29T03:56:27.464+0000
618475290663|Album 6 of Yahya Ould Ahmed El Abdallahi|2011-09-22T17:23:28.579+0000
687194767400|Album 7 of Yahya Ould Ahmed El Abdallahi|2011-11-11T01:08:01.043+0000
412316860457|Album 8 of Yahya Ould Ahmed El Abdallahi|2011-03-11T22:54:27.047+0000
549755813930|Album 9 of Yahya Ould Ahmed El Abdallahi|2011-06-18T23:00:40.723+0000
618475290667|Album 10 of Yahya Ould Ahmed El Abdallahi|2011-07-30T15:08:30.281+0000
274877906988|Album 11 of Yahya Ould Ahmed El Abdallahi|2010-10-24T19:26:19.566+0000
618475290669|Album 12 of Yahya Ould Ahmed El Abdallahi|2011-09-19T00:25:59.177+0000
549755813934|Album 13 of Yahya Ould Ahmed El Abdallahi|2011-07-07T22:50:05.106+0000
549755813935|Album 14 of Yahya Ould Ahmed El Abdallahi|2011-06-29T04:57:32.093+0000
412316860464|Album 15 of Yahya Ould Ahmed El Abdallahi|2011-03-12T02:04:12.046+0000
687194767409|Wall of Anatoly Shevchenko|2011-09-26T04:15:53.811+0000
687194767411|Album 1 of Anatoly Shevchenko|2011-11-13T01:26:48.718+0000
687194767412|Album 2 of Anatoly Shevchenko|2011-11-03T18:05:44.937+0000
54|Wall of Marc Ravalomanana|2010-03-10T21:41:48.248+0000
68719476791|Album 0 of Marc Ravalomanana|2010-05-17T12:08:41.218+0000
412316860472|Album 1 of Marc Ravalomanana|2011-03-12T15:28:11.855+0000
481036337209|Album 2 of Marc Ravalomanana|2011-05-06T08:26:32.465+0000
687194767418|Album 3 of Marc Ravalomanana|2011-11-17T16:59:01.379+0000
274877907005|Album 6 of Marc Ravalomanana|2010-10-31T16:32:55.568+0000
62|Album 7 of Marc Ravalomanana|2010-03-14T16:56:00.009+0000
274877907007|Album 8 of Marc Ravalomanana|2010-10-28T18:23:33.269+0000
274877907008|Album 9 of Marc Ravalomanana|2010-10-01T22:01:20.101+0000
412316860481|Album 10 of Marc Ravalomanana|2011-03-16T19:45:37.020+0000
343597383746|Album 11 of Marc Ravalomanana|2011-01-01T12:43:21.792+0000
412316860483|Album 12 of Marc Ravalomanana|2011-03-25T16:37:01.947+0000
549755813956|Album 13 of Marc Ravalomanana|2011-06-26T11:00:16.736+0000
343597383750|Album 15 of Marc Ravalomanana|2011-01-25T05:58:14.012+0000
412316860487|Album 16 of Marc Ravalomanana|2011-03-02T18:12:25.910+0000
274877907016|Album 17 of Marc Ravalomanana|2010-11-13T09:06:26.210+0000
343597383753|Album 18 of Marc Ravalomanana|2010-12-01T17:12:37.859+0000
68719476810|Album 19 of Marc Ravalomanana|2010-05-09T02:04:58.536+0000
343597383755|Album 20 of Marc Ravalomanana|2011-01-08T01:29:07.005+0000
76|Album 21 of Marc Ravalomanana|2010-03-22T15:13:28.427+0000
412316860493|Album 22 of Marc Ravalomanana|2011-02-14T16:49:04.053+0000
206158430287|Wall of Alexei Codreanu|2010-08-21T18:59:03.201+0000
481036337232|Album 0 of Alexei Codreanu|2011-04-12T16:45:06.221+0000
412316860497|Album 1 of Alexei Codreanu|2011-02-09T11:05:40.013+0000
618475290706|Album 2 of Alexei Codreanu|2011-08-24T01:54:44.659+0000
481036337235|Album 3 of Alexei Codreanu|2011-05-09T18:00:42.187+0000
412316860500|Album 4 of Alexei Codreanu|2011-02-25T12:56:52.370+0000
343597383765|Album 5 of Alexei Codreanu|2011-01-24T03:29:21.743+0000
481036337238|Album 6 of Alexei Codreanu|2011-04-04T21:39:24.435+0000
343597383767|Album 7 of Alexei Codreanu|2010-12-12T08:08:09.076+0000
618475290712|Album 8 of Alexei Codreanu|2011-08-11T00:42:42.266+0000
687194767449|Album 9 of Alexei Codreanu|2011-10-22T22:24:23.706+0000
481036337242|Album 10 of Alexei Codreanu|2011-04-14T19:54:41.011+0000
274877907036|Album 12 of Alexei Codreanu|2010-10-14T10:25:37.622+0000
618475290717|Album 13 of Alexei Codreanu|2011-08-09T02:10:11.662+0000
206158430302|Album 14 of Alexei Codreanu|2010-09-11T11:23:21.444+0000
412316860512|Album 16 of Alexei Codreanu|2011-03-20T05:43:24.024+0000
68719476833|Wall of Alec Lin|2010-05-09T08:28:27.398+0000
343597383778|Wall of Evangelos Alkaios|2010-12-16T10:46:51.647+0000
481036337251|Wall of Otto Richter|2011-05-19T01:37:52.298+0000
549755813988|Wall of Pablo Bernal|2011-06-10T06:50:16.236+0000
137438953573|Wall of Masahiro Sato|2010-06-15T18:31:01.007+0000
206158430310|Wall of Paul Becker|2010-09-20T18:38:36.626+0000
549755813991|Wall of Hossein Forouhar|2011-05-28T12:56:50.445+0000
687194767464|Wall of Roberto Diaz|2011-10-25T15:50:28.574+0000
68719476841|Wall of Adje van den Berg Vries|2010-05-21T03:57:27.434+0000
68719476842|Wall of Hao Li|2010-04-20T00:08:17.264+0000
412316860523|Album 0 of Hao Li|2011-03-10T04:20:50.221+0000
68719476844|Album 1 of Hao Li|2010-05-18T11:58:40.484+0000
274877907053|Album 2 of Hao Li|2010-10-25T00:12:42.971+0000
687194767470|Album 3 of Hao Li|2011-11-02T22:07:34.894+0000
137438953583|Album 4 of Hao Li|2010-07-14T23:44:20.188+0000
618475290736|Album 5 of Hao Li|2011-09-13T16:42:32.396+0000
481036337265|Album 6 of Hao Li|2011-04-09T18:47:46.760+0000
687194767474|Album 7 of Hao Li|2011-10-05T23:50:40.465+0000
137438953587|Album 8 of Hao Li|2010-06-21T14:54:54.047+0000
137438953588|Album 9 of Hao Li|2010-07-26T12:52:31.728+0000
274877907061|Album 10 of Hao Li|2010-11-09T16:26:55.166+0000
343597383798|Album 11 of Hao Li|2010-12-12T01:26:40.649+0000
549755814007|Album 12 of Hao Li|2011-05-29T12:28:51.993+0000
687194767480|Album 13 of Hao Li|2011-11-14T12:32:22.673+0000
687194767481|Album 14 of Hao Li|2011-11-03T13:13:50.408+0000
206158430330|Album 15 of Hao Li|2010-08-16T18:41:41.098+0000
618475290747|Album 16 of Hao Li|2011-09-23T02:21:06.119+0000
481036337277|Album 18 of Hao Li|2011-05-18T07:57:10.425+0000
687194767486|Album 19 of Hao Li|2011-11-01T12:26:35.610+0000
412316860543|Album 20 of Hao Li|2011-03-19T04:47:01.137+0000
412316860544|Wall of Luigi Colombo|2011-02-11T19:20:00.310+0000
68719476865|Wall of Baby Yang|2010-04-10T12:22:26.443+0000
343597383810|Album 0 of Baby Yang|2010-12-28T05:33:20.497+0000
274877907075|Album 1 of Baby Yang|2010-11-16T22:24:30.946+0000
481036337285|Album 3 of Baby Yang|2011-04-07T11:43:51.767+0000
549755814023|Album 5 of Baby Yang|2011-06-07T06:33:52.809+0000
274877907080|Album 6 of Baby Yang|2010-10-01T06:22:51.093+0000
412316860553|Album 7 of Baby Yang|2011-02-11T09:20:58.831+0000
618475290762|Album 8 of Baby Yang|2011-08-25T03:00:06.522+0000
618475290763|Album 9 of Baby Yang|2011-09-17T12:59:37.109+0000
343597383820|Album 10 of Baby Yang|2011-01-26T21:30:03.918+0000
274877907085|Album 11 of Baby Yang|2010-10-12T20:02:21.228+0000
412316860558|Album 12 of Baby Yang|2011-03-20T17:15:58.297+0000
481036337295|Album 13 of Baby Yang|2011-04-30T01:33:09.240+0000
274877907088|Album 14 of Baby Yang|2010-10-12T09:43:48.321+0000
137438953618|Album 16 of Baby Yang|2010-06-04T04:17:20.837+0000
206158430355|Album 17 of Baby Yang|2010-08-12T06:05:27.854+0000
343597383828|Album 18 of Baby Yang|2011-01-10T21:12:19.795+0000
137438953621|Album 19 of Baby Yang|2010-06-26T13:27:14.349+0000
206158430358|Album 20 of Baby Yang|2010-08-08T03:33:37.220+0000
549755814039|Album 21 of Baby Yang|2011-06-20T20:25:53.365+0000
412316860568|Wall of Jie Li|2011-03-20T20:17:37.252+0000
549755814041|Wall of Aleksandr Dobrunov|2011-05-30T04:31:06.360+0000
549755814042|Wall of Abdoulaye Khouma Dia|2011-05-28T03:37:40.949+0000
549755814043|Album 0 of Abdoulaye Khouma Dia|2011-07-06T12:11:21.921+0000
687194767518|Album 3 of Abdoulaye Khouma Dia|2011-09-26T06:37:06.426+0000
618475290784|Album 5 of Abdoulaye Khouma Dia|2011-09-21T04:47:37.208+0000
618475290785|Album 6 of Abdoulaye Khouma Dia|2011-09-15T00:27:00.655+0000
687194767522|Album 7 of Abdoulaye Khouma Dia|2011-09-30T18:23:12.627+0000
412316860579|Wall of Tamas Gabor|2011-01-29T17:57:43.895+0000
412316860580|Album 0 of Tamas Gabor|2011-01-30T09:04:18.695+0000
412316860581|Album 1 of Tamas Gabor|2011-01-31T06:13:03.358+0000
549755814054|Album 2 of Tamas Gabor|2011-07-14T08:36:40.824+0000
687194767527|Album 3 of Tamas Gabor|2011-10-16T10:57:48.157+0000
412316860586|Album 6 of Tamas Gabor|2011-03-20T17:24:57.431+0000
618475290795|Album 7 of Tamas Gabor|2011-08-05T18:29:45.371+0000
481036337324|Album 8 of Tamas Gabor|2011-05-10T16:59:23.527+0000
481036337325|Album 9 of Tamas Gabor|2011-04-20T15:39:04.466+0000
481036337326|Album 10 of Tamas Gabor|2011-04-13T07:38:29.718+0000
687194767535|Album 11 of Tamas Gabor|2011-10-14T18:41:33.384+0000
137438953648|Wall of Wei Wei|2010-07-12T03:44:33.856+0000
343597383857|Wall of Amy Chen|2010-12-18T21:14:00.673+0000
618475290802|Group for Benny_Goodman in Kuching|2011-08-11T22:58:40.576+0000
481036337331|Album 0 of Amy Chen|2011-04-11T02:18:37.645+0000
549755814069|Album 2 of Amy Chen|2011-06-29T12:31:37.639+0000
549755814070|Album 3 of Amy Chen|2011-07-12T08:31:01.122+0000
343597383864|Album 5 of Amy Chen|2011-01-06T08:54:29.398+0000
412316860601|Album 6 of Amy Chen|2011-03-06T19:36:30.994+0000
549755814075|Album 8 of Amy Chen|2011-06-17T03:12:58.589+0000
687194767548|Album 9 of Amy Chen|2011-11-18T11:47:31.387+0000
343597383869|Album 10 of Amy Chen|2011-01-19T05:59:57.771+0000
481036337342|Album 11 of Amy Chen|2011-04-10T21:49:36.500+0000
343597383871|Album 12 of Amy Chen|2011-01-04T13:05:00.364+0000
549755814080|Wall of Wojciech Ciesla|2011-06-02T14:45:39.531+0000
549755814081|Wall of Li Zhang|2011-07-21T10:01:22.243+0000
618475290818|Wall of Albaye Papa Diouf|2011-08-10T09:56:19.162+0000
687194767559|Album 4 of Albaye Papa Diouf|2011-10-31T18:44:34.435+0000
137438953672|Wall of Aleksandr Efimkin|2010-07-04T22:23:39.540+0000
687194767561|Album 0 of Aleksandr Efimkin|2011-10-10T07:50:37.532+0000
137438953674|Album 1 of Aleksandr Efimkin|2010-07-05T14:54:09.610+0000
618475290827|Album 2 of Aleksandr Efimkin|2011-08-13T20:40:09.769+0000
274877907148|Album 3 of Aleksandr Efimkin|2010-10-08T17:02:26.189+0000
549755814093|Album 4 of Aleksandr Efimkin|2011-07-07T11:22:24.051+0000
481036337358|Album 5 of Aleksandr Efimkin|2011-05-23T05:19:07.855+0000
481036337359|Album 6 of Aleksandr Efimkin|2011-04-15T02:19:34.676+0000
687194767569|Album 8 of Aleksandr Efimkin|2011-09-24T13:46:15.108+0000
412316860626|Album 9 of Aleksandr Efimkin|2011-03-06T11:03:02.766+0000
481036337363|Album 10 of Aleksandr Efimkin|2011-04-23T04:16:43.931+0000
412316860629|Album 12 of Aleksandr Efimkin|2011-02-24T07:55:46.996+0000
206158430422|Album 13 of Aleksandr Efimkin|2010-09-22T03:08:12.470+0000
206158430423|Album 14 of Aleksandr Efimkin|2010-08-04T10:36:10.236+0000
274877907162|Album 17 of Aleksandr Efimkin|2010-10-23T08:25:34.052+0000
687194767579|Album 18 of Aleksandr Efimkin|2011-10-20T20:04:13.675+0000
206158430428|Wall of Eric Mettacara|2010-09-24T00:23:12.218+0000
343597383902|Album 1 of Eric Mettacara|2010-12-11T01:04:26.763+0000
481036337375|Album 2 of Eric Mettacara|2011-04-27T10:53:58.301+0000
618475290848|Album 3 of Eric Mettacara|2011-09-11T07:45:42.073+0000
687194767585|Album 4 of Eric Mettacara|2011-10-17T19:22:20.752+0000
618475290850|Album 5 of Eric Mettacara|2011-08-30T03:54:10.077+0000
274877907171|Album 6 of Eric Mettacara|2010-11-15T10:09:18.353+0000
274877907172|Album 7 of Eric Mettacara|2010-11-06T21:16:17.210+0000
481036337381|Album 8 of Eric Mettacara|2011-05-14T09:18:32.977+0000
343597383910|Album 9 of Eric Mettacara|2011-01-08T07:43:47.662+0000
618475290855|Album 10 of Eric Mettacara|2011-08-04T09:11:22.277+0000
274877907177|Album 12 of Eric Mettacara|2010-10-08T16:56:54.555+0000
549755814122|Album 13 of Eric Mettacara|2011-07-06T14:37:34.126+0000
343597383915|Album 14 of Eric Mettacara|2010-12-14T19:32:06.772+0000
618475290860|Album 15 of Eric Mettacara|2011-07-26T21:38:20.422+0000
481036337389|Wall of Chong Liu|2011-04-24T22:29:21.610+0000
481036337390|Album 0 of Chong Liu|2011-05-11T18:14:21.119+0000
687194767599|Album 1 of Chong Liu|2011-11-05T17:39:55.476+0000
687194767600|Album 2 of Chong Liu|2011-10-09T17:48:28.263+0000
687194767601|Album 3 of Chong Liu|2011-10-31T20:57:50.636+0000
549755814130|Album 4 of Chong Liu|2011-05-31T16:41:33.453+0000
481036337397|Album 7 of Chong Liu|2011-05-22T10:12:22.932+0000
549755814134|Album 8 of Chong Liu|2011-07-05T22:38:35.073+0000
618475290871|Wall of Jie Yang|2011-09-07T21:12:26.013+0000
137438953720|Wall of Karl Fischer|2010-06-22T14:58:48.014+0000
206158430457|Wall of Cheng Yang|2010-08-07T06:04:11.138+0000
274877907194|Wall of Jose Pereira|2010-10-20T11:07:20.222+0000
137438953726|Wall of Ken Yamada|2010-06-29T08:42:38.157+0000
274877907200|Album 1 of Ken Yamada|2010-10-02T14:22:55.770+0000
274877907201|Album 2 of Ken Yamada|2010-11-05T07:34:32.413+0000
687194767618|Album 3 of Ken Yamada|2011-10-29T16:22:19.018+0000
549755814147|Album 4 of Ken Yamada|2011-06-15T01:38:53.131+0000
687194767620|Album 5 of Ken Yamada|2011-11-16T01:55:12.219+0000
206158430469|Album 6 of Ken Yamada|2010-09-19T01:20:11.218+0000
137438953735|Album 8 of Ken Yamada|2010-07-27T18:30:17.022+0000
343597383944|Album 9 of Ken Yamada|2010-12-07T17:20:25.001+0000
206158430473|Album 10 of Ken Yamada|2010-09-08T21:00:06.283+0000
343597383946|Album 11 of Ken Yamada|2010-12-14T17:05:44.274+0000
481036337419|Album 12 of Ken Yamada|2011-05-17T18:34:21.815+0000
206158430476|Album 13 of Ken Yamada|2010-08-07T22:52:17.362+0000
343597383949|Album 14 of Ken Yamada|2011-01-19T01:56:07.109+0000
343597383950|Album 15 of Ken Yamada|2011-01-08T17:30:08.318+0000
549755814159|Album 16 of Ken Yamada|2011-07-08T18:21:53.759+0000
549755814160|Album 17 of Ken Yamada|2011-07-06T12:51:24.539+0000
206158430481|Album 18 of Ken Yamada|2010-09-06T13:41:48.186+0000
274|Wall of Jun Hu|2010-02-04T19:17:55.721+0000
687194767635|Album 0 of Jun Hu|2011-11-13T20:15:05.188+0000
276|Album 1 of Jun Hu|2010-02-18T17:54:58.116+0000
206158430485|Album 2 of Jun Hu|2010-09-26T23:51:01.673+0000
274877907223|Album 4 of Jun Hu|2010-11-16T21:19:44.826+0000
618475290904|Album 5 of Jun Hu|2011-08-26T08:22:49.697+0000
412316860698|Album 7 of Jun Hu|2011-02-13T20:17:44.995+0000
68719477019|Album 8 of Jun Hu|2010-04-07T10:17:02.307+0000
343597383964|Album 9 of Jun Hu|2010-11-28T16:55:38.410+0000
343597383965|Album 10 of Jun Hu|2010-11-29T05:30:24.461+0000
68719477022|Album 11 of Jun Hu|2010-04-30T12:52:43.138+0000
206158430495|Album 12 of Jun Hu|2010-08-06T00:16:07.716+0000
549755814176|Album 13 of Jun Hu|2011-06-02T12:35:19.849+0000
412316860705|Album 14 of Jun Hu|2011-03-17T16:38:16.589+0000
290|Album 15 of Jun Hu|2010-02-25T13:48:18.369+0000
206158430499|Album 16 of Jun Hu|2010-09-23T17:43:56.612+0000
687194767652|Album 17 of Jun Hu|2011-10-20T14:13:36.808+0000
481036337445|Album 18 of Jun Hu|2011-05-12T23:25:19.293+0000
294|Album 19 of Jun Hu|2010-02-10T02:41:58.888+0000
68719477032|Album 21 of Jun Hu|2010-05-08T03:40:38.427+0000
206158430505|Album 22 of Jun Hu|2010-08-08T11:04:16.831+0000
549755814186|Album 23 of Jun Hu|2011-07-02T17:25:20.219+0000
343597383979|Wall of Alim Guliyev|2011-01-16T11:09:52.239+0000
481036337452|Album 0 of Alim Guliyev|2011-04-08T18:59:09.530+0000
412316860718|Album 2 of Alim Guliyev|2011-02-12T23:46:50.304+0000
687194767663|Album 3 of Alim Guliyev|2011-10-28T11:55:29.485+0000
412316860720|Album 4 of Alim Guliyev|2011-03-21T12:49:02.232+0000
481036337457|Album 5 of Alim Guliyev|2011-05-19T08:50:32.218+0000
687194767667|Album 7 of Alim Guliyev|2011-10-13T05:04:54.139+0000
549755814196|Album 8 of Alim Guliyev|2011-07-04T22:41:50.496+0000
549755814197|Album 9 of Alim Guliyev|2011-06-04T09:56:15.361+0000
618475290934|Album 10 of Alim Guliyev|2011-09-10T17:17:51.112+0000
481036337463|Album 11 of Alim Guliyev|2011-04-27T11:55:08.844+0000
412316860728|Wall of Jan Zakrzewski|2011-02-22T09:43:56.520+0000
687194767673|Group for Andy_Ram in Kraków|2011-10-15T02:37:17.190+0000
481036337466|Group for Andy_Ram in Kraków|2011-05-03T08:23:09.615+0000
481036337467|Album 0 of Jan Zakrzewski|2011-04-26T00:54:28.292+0000
618475290940|Album 1 of Jan Zakrzewski|2011-07-28T02:02:38.261+0000
481036337469|Album 2 of Jan Zakrzewski|2011-05-09T10:33:12.894+0000
549755814206|Album 3 of Jan Zakrzewski|2011-06-10T16:19:54.022+0000
687194767679|Album 4 of Jan Zakrzewski|2011-10-07T17:15:37.997+0000
687194767680|Album 5 of Jan Zakrzewski|2011-10-28T08:10:30.938+0000
687194767681|Album 6 of Jan Zakrzewski|2011-10-16T11:44:59.191+0000
412316860738|Album 7 of Jan Zakrzewski|2011-03-22T19:00:25.207+0000
481036337475|Album 8 of Jan Zakrzewski|2011-05-19T02:56:50.911+0000
481036337476|Album 9 of Jan Zakrzewski|2011-04-26T22:51:09.565+0000
481036337477|Album 10 of Jan Zakrzewski|2011-03-31T20:01:10.643+0000
687194767686|Wall of Ali Ferrer|2011-10-18T07:01:53.668+0000
687194767687|Album 0 of Ali Ferrer|2011-11-05T00:21:27.951+0000
412316860746|Wall of Yang Liu|2011-03-05T18:24:31.410+0000
618475290955|Album 0 of Yang Liu|2011-08-13T23:59:44.572+0000
618475290958|Album 3 of Yang Liu|2011-08-08T07:55:46.794+0000
481036337487|Album 4 of Yang Liu|2011-03-29T20:36:11.365+0000
687194767696|Album 5 of Yang Liu|2011-11-10T20:14:46.537+0000
687194767698|Album 7 of Yang Liu|2011-11-16T02:58:25.887+0000
481036337491|Album 8 of Yang Liu|2011-05-18T00:13:32.795+0000
549755814228|Album 9 of Yang Liu|2011-07-06T06:20:00.789+0000
343597384022|Wall of Ali Achiou|2010-12-09T17:56:01.739+0000
412316860759|Wall of Ali Abouba|2011-01-29T22:36:24.383+0000
412316860761|Album 1 of Ali Abouba|2011-02-28T13:45:16.744+0000
481036337499|Album 3 of Ali Abouba|2011-05-12T02:05:05.582+0000
687194767708|Album 4 of Ali Abouba|2011-11-16T23:36:48.688+0000
687194767709|Album 5 of Ali Abouba|2011-10-07T03:07:00.606+0000
687194767711|Album 7 of Ali Abouba|2011-10-22T11:40:53.976+0000
481036337504|Album 8 of Ali Abouba|2011-04-13T15:01:52.383+0000
618475290977|Album 9 of Ali Abouba|2011-08-02T18:11:25.515+0000
687194767714|Album 10 of Ali Abouba|2011-11-09T05:55:32.296+0000
412316860771|Album 11 of Ali Abouba|2011-03-07T12:07:29.168+0000
412316860772|Wall of Babar Khan|2011-03-07T10:47:14.711+0000
618475290981|Wall of Alejandro Garcia|2011-09-20T22:51:22.492+0000
343597384038|Wall of Lei Zhang|2010-11-29T08:54:44.051+0000
412316860775|Group for Niccolò_Machiavelli in Hengyang|2011-02-02T15:14:16.475+0000
412316860776|Group for Winston_Churchill in Hengyang|2011-03-15T17:26:51.722+0000
481036337513|Album 0 of Lei Zhang|2011-04-24T12:49:47.559+0000
343597384042|Album 1 of Lei Zhang|2010-12-30T12:59:49.281+0000
618475290987|Album 2 of Lei Zhang|2011-09-12T07:16:21.138+0000
343597384044|Album 3 of Lei Zhang|2010-12-18T00:15:03.959+0000
412316860781|Album 4 of Lei Zhang|2011-02-04T21:31:31.900+0000
343597384046|Album 5 of Lei Zhang|2010-12-02T07:49:14.858+0000
618475290991|Album 6 of Lei Zhang|2011-09-01T12:07:58.846+0000
618475290992|Album 7 of Lei Zhang|2011-08-12T04:16:15.390+0000
343597384049|Album 8 of Lei Zhang|2010-12-31T03:33:09.099+0000
618475290994|Album 9 of Lei Zhang|2011-08-14T11:32:16.444+0000
412316860787|Album 10 of Lei Zhang|2011-01-31T05:33:32.345+0000
549755814262|Album 13 of Lei Zhang|2011-06-08T10:17:31.546+0000
481036337527|Wall of Zhi Zhang|2011-04-18T04:28:44.747+0000
549755814264|Wall of Celso Oliveira|2011-06-08T07:58:14.294+0000
412316860793|Wall of Akira Yamamoto|2011-02-19T15:11:25.419+0000
68719477114|Wall of Chen Yang|2010-05-27T10:20:42.098+0000
274877907323|Wall of Djelaludin Zaland|2010-11-06T03:58:07.948+0000
618475291004|Album 0 of Djelaludin Zaland|2011-09-04T08:12:54.945+0000
687194767741|Album 1 of Djelaludin Zaland|2011-10-02T07:28:22.079+0000
618475291006|Album 2 of Djelaludin Zaland|2011-09-16T15:29:05.474+0000
687194767743|Album 3 of Djelaludin Zaland|2011-10-09T10:27:00.267+0000
481036337536|Album 4 of Djelaludin Zaland|2011-04-30T10:30:07.302+0000
618475291009|Album 5 of Djelaludin Zaland|2011-08-01T09:54:59.520+0000
481036337538|Album 6 of Djelaludin Zaland|2011-03-30T07:27:42.259+0000
618475291011|Album 7 of Djelaludin Zaland|2011-09-04T23:20:45.240+0000
549755814276|Album 8 of Djelaludin Zaland|2011-07-18T10:07:53.921+0000
412316860805|Album 9 of Djelaludin Zaland|2011-02-27T04:51:14.149+0000
618475291014|Album 10 of Djelaludin Zaland|2011-09-05T09:59:56.404+0000
274877907335|Album 11 of Djelaludin Zaland|2010-11-13T12:03:50.298+0000
549755814280|Album 12 of Djelaludin Zaland|2011-07-03T10:58:32.527+0000
274877907339|Wall of Peng Yang|2010-11-01T01:21:02.131+0000
687194767756|Wall of Ayesha Ahmed|2011-10-26T22:23:25.020+0000
68719477138|Wall of Mehmet Koksal|2010-05-30T06:05:48.404+0000
412316860819|Wall of Neil Murray|2011-03-09T21:57:44.297+0000
618475291028|Album 0 of Neil Murray|2011-07-27T06:57:45.774+0000
618475291029|Album 1 of Neil Murray|2011-08-03T08:47:43.394+0000
687194767766|Album 2 of Neil Murray|2011-10-10T05:42:23.086+0000
481036337559|Album 3 of Neil Murray|2011-04-05T12:54:42.634+0000
618475291032|Album 4 of Neil Murray|2011-08-30T04:08:05.669+0000
549755814297|Album 5 of Neil Murray|2011-06-02T17:11:11.738+0000
549755814298|Album 6 of Neil Murray|2011-06-11T17:53:41.932+0000
481036337563|Album 7 of Neil Murray|2011-05-03T21:04:13.231+0000
481036337564|Album 8 of Neil Murray|2011-04-08T19:53:42.018+0000
618475291037|Album 9 of Neil Murray|2011-09-11T12:17:04.902+0000
687194767774|Wall of Francisco Reyes|2011-11-18T11:35:54.666+0000
618475291042|Wall of Abdul Jamil Qureshi|2011-08-12T21:56:14.380+0000
274877907364|Wall of Jimmy Burak|2010-10-14T09:36:44.095+0000
481036337573|Album 0 of Jimmy Burak|2011-05-03T10:52:16.801+0000
274877907367|Album 2 of Jimmy Burak|2010-10-31T19:58:40.296+0000
618475291048|Album 3 of Jimmy Burak|2011-09-10T10:05:42.368+0000
412316860842|Album 5 of Jimmy Burak|2011-03-18T06:50:58.978+0000
549755814315|Album 6 of Jimmy Burak|2011-05-29T21:22:04.526+0000
549755814316|Album 7 of Jimmy Burak|2011-07-07T10:58:40.347+0000
549755814317|Album 8 of Jimmy Burak|2011-06-22T23:23:25.019+0000
687194767790|Album 9 of Jimmy Burak|2011-10-11T16:32:00.677+0000
481036337583|Album 10 of Jimmy Burak|2011-04-18T21:10:40.929+0000
274877907376|Album 11 of Jimmy Burak|2010-11-02T21:46:48.514+0000
687194767793|Album 12 of Jimmy Burak|2011-10-15T07:53:23.133+0000
687194767794|Album 13 of Jimmy Burak|2011-11-16T13:37:31.632+0000
549755814323|Album 14 of Jimmy Burak|2011-07-12T01:37:52.833+0000
343597384116|Wall of Chen Li|2011-01-08T06:05:06.300+0000
687194767797|Album 0 of Chen Li|2011-11-09T13:48:04.514+0000
687194767798|Album 1 of Chen Li|2011-10-08T05:13:22.395+0000
343597384119|Album 2 of Chen Li|2011-01-25T01:04:49.049+0000
549755814328|Album 3 of Chen Li|2011-06-19T20:52:57.269+0000
549755814329|Album 4 of Chen Li|2011-07-22T16:57:33.276+0000
687194767802|Album 5 of Chen Li|2011-10-16T11:11:58.111+0000
412316860859|Album 6 of Chen Li|2011-02-19T22:04:21.308+0000
687194767804|Album 7 of Chen Li|2011-10-09T20:44:29.881+0000
481036337597|Album 8 of Chen Li|2011-04-01T11:43:15.215+0000
481036337598|Album 9 of Chen Li|2011-04-30T00:38:01.720+0000
481036337600|Album 11 of Chen Li|2011-04-05T09:56:20.860+0000
481036337601|Wall of Cheng Wei|2011-04-12T14:15:19.188+0000
274877907394|Wall of Miguel Gonzalez|2010-11-02T16:42:06.594+0000
412316860867|Wall of Yang Li|2011-02-16T21:06:56.500+0000
137438953924|Wall of Luis Alonso|2010-07-11T11:00:57.625+0000
549755814341|Album 0 of Luis Alonso|2011-07-07T12:36:06.763+0000
137438953927|Album 2 of Luis Alonso|2010-07-21T17:41:08.723+0000
343597384136|Album 3 of Luis Alonso|2010-12-22T00:10:15.009+0000
206158430665|Album 4 of Luis Alonso|2010-08-20T18:38:41.451+0000
206158430666|Album 5 of Luis Alonso|2010-08-03T05:18:46.002+0000
274877907404|Album 7 of Luis Alonso|2010-11-17T17:12:19.298+0000
618475291085|Album 8 of Luis Alonso|2011-08-10T01:49:20.094+0000
206158430670|Album 9 of Luis Alonso|2010-08-15T01:12:42.160+0000
412316860879|Album 10 of Luis Alonso|2011-03-22T19:21:34.545+0000
137438953936|Album 11 of Luis Alonso|2010-07-14T07:54:18.140+0000
343597384145|Album 12 of Luis Alonso|2010-12-12T22:36:54.407+0000
481036337618|Album 13 of Luis Alonso|2011-05-18T01:23:52.173+0000
343597384147|Album 14 of Luis Alonso|2010-12-20T11:52:49.592+0000
549755814356|Album 15 of Luis Alonso|2011-06-07T20:04:11.767+0000
549755814357|Album 16 of Luis Alonso|2011-06-22T14:42:15.386+0000
549755814358|Album 17 of Luis Alonso|2011-06-11T18:09:08.862+0000
549755814359|Wall of Jun Li|2011-05-31T09:40:51.326+0000
549755814360|Album 0 of Jun Li|2011-07-02T19:24:21.099+0000
618475291098|Album 2 of Jun Li|2011-08-16T12:15:42.100+0000
618475291099|Album 3 of Jun Li|2011-09-09T23:18:52.563+0000
549755814365|Album 5 of Jun Li|2011-06-20T17:28:43.158+0000
687194767838|Album 6 of Jun Li|2011-10-13T21:56:49.865+0000
549755814367|Album 7 of Jun Li|2011-06-16T02:39:31.686+0000
481036337632|Wall of Oleg Bazayev|2011-04-17T08:53:21.552+0000
68719477217|Wall of Yang Wang|2010-05-03T21:48:44.719+0000
343597384162|Album 0 of Yang Wang|2010-12-08T11:07:25.529+0000
687194767843|Album 1 of Yang Wang|2011-11-04T07:40:38.508+0000
412316860900|Album 2 of Yang Wang|2011-03-22T02:00:05.122+0000
206158430693|Album 3 of Yang Wang|2010-08-05T22:48:30.855+0000
549755814374|Album 4 of Yang Wang|2011-06-02T07:14:51.890+0000
549755814375|Album 5 of Yang Wang|2011-06-07T21:10:53.421+0000
68719477224|Album 6 of Yang Wang|2010-05-23T16:31:45.870+0000
137438953961|Album 7 of Yang Wang|2010-06-24T10:48:09.283+0000
687194767850|Album 8 of Yang Wang|2011-10-24T18:04:03.403+0000
618475291115|Album 9 of Yang Wang|2011-08-07T09:43:05.456+0000
206158430700|Album 10 of Yang Wang|2010-08-31T08:29:48.579+0000
687194767853|Album 11 of Yang Wang|2011-10-04T02:21:34.736+0000
137438953966|Album 12 of Yang Wang|2010-07-03T09:37:43.527+0000
549755814383|Album 13 of Yang Wang|2011-07-12T16:17:20.974+0000
687194767856|Album 14 of Yang Wang|2011-11-08T02:56:50.994+0000
206158430705|Album 15 of Yang Wang|2010-08-28T06:55:56.298+0000
412316860914|Album 16 of Yang Wang|2011-03-20T17:28:35.760+0000
687194767859|Album 17 of Yang Wang|2011-10-27T04:14:37.214+0000
206158430708|Album 18 of Yang Wang|2010-09-04T09:45:56.420+0000
618475291125|Album 19 of Yang Wang|2011-08-13T15:40:18.959+0000
412316860918|Album 20 of Yang Wang|2011-02-14T14:39:10.438+0000
343597384183|Wall of Tissa Perera|2010-12-17T10:29:57.545+0000
137438953978|Wall of Adrian Bravo|2010-06-02T14:49:20.548+0000
137438953979|Album 0 of Adrian Bravo|2010-06-21T14:43:42.785+0000
618475291132|Album 1 of Adrian Bravo|2011-09-18T10:51:28.200+0000
481036337661|Album 2 of Adrian Bravo|2011-05-12T01:23:49.919+0000
343597384190|Album 3 of Adrian Bravo|2010-12-01T20:20:15.182+0000
206158430719|Album 4 of Adrian Bravo|2010-08-06T09:32:04.941+0000
412316860928|Album 5 of Adrian Bravo|2011-02-16T23:06:18.810+0000
618475291137|Album 6 of Adrian Bravo|2011-09-23T02:28:18.285+0000
687194767874|Album 7 of Adrian Bravo|2011-10-29T01:58:02.526+0000
618475291139|Album 8 of Adrian Bravo|2011-08-29T21:35:35.885+0000
549755814404|Album 9 of Adrian Bravo|2011-06-28T09:25:50.018+0000
618475291141|Album 10 of Adrian Bravo|2011-08-07T22:57:38.082+0000
343597384198|Album 11 of Adrian Bravo|2011-01-07T13:15:00.214+0000
343597384199|Album 12 of Adrian Bravo|2011-01-06T00:31:22.869+0000
618475291145|Album 14 of Adrian Bravo|2011-09-17T20:54:18.446+0000
412316860938|Album 15 of Adrian Bravo|2011-03-16T19:24:01.953+0000
206158430731|Album 16 of Adrian Bravo|2010-08-14T16:47:32.320+0000
274877907468|Album 17 of Adrian Bravo|2010-11-12T00:05:10.196+0000
549755814413|Album 18 of Adrian Bravo|2011-07-12T11:17:26.787+0000
618475291150|Album 19 of Adrian Bravo|2011-08-04T01:28:53.037+0000
481036337680|Wall of Bryn Davies|2011-04-05T06:32:35.571+0000
68719477265|Wall of Wolfgang Bauer|2010-04-13T11:05:25.033+0000
137438954002|Album 0 of Wolfgang Bauer|2010-06-26T16:10:49.628+0000
481036337683|Album 1 of Wolfgang Bauer|2011-04-13T23:23:32.669+0000
687194767892|Album 2 of Wolfgang Bauer|2011-11-01T16:44:58.973+0000
68719477269|Album 3 of Wolfgang Bauer|2010-05-06T20:17:05.936+0000
206158430742|Album 4 of Wolfgang Bauer|2010-08-17T02:20:33.535+0000
137438954007|Album 5 of Wolfgang Bauer|2010-06-07T10:40:55.270+0000
481036337688|Album 6 of Wolfgang Bauer|2011-05-26T13:05:22.071+0000
274877907482|Album 8 of Wolfgang Bauer|2010-10-28T04:19:07.836+0000
687194767899|Album 9 of Wolfgang Bauer|2011-10-01T06:18:05.924+0000
412316860956|Album 10 of Wolfgang Bauer|2011-02-14T08:40:48.830+0000
412316860957|Album 11 of Wolfgang Bauer|2011-03-24T20:17:37.739+0000
549755814430|Album 12 of Wolfgang Bauer|2011-06-13T08:46:08.216+0000
343597384224|Album 14 of Wolfgang Bauer|2011-01-14T23:44:26.524+0000
412316860961|Album 15 of Wolfgang Bauer|2011-02-15T18:37:00.594+0000
274877907490|Album 16 of Wolfgang Bauer|2010-09-29T14:17:00.302+0000
206158430755|Album 17 of Wolfgang Bauer|2010-08-03T16:14:04.363+0000
137438954020|Album 18 of Wolfgang Bauer|2010-06-29T19:32:46.484+0000
687194767909|Album 19 of Wolfgang Bauer|2011-10-16T00:08:44.840+0000
206158430758|Album 20 of Wolfgang Bauer|2010-08-03T12:38:12.240+0000
687194767911|Wall of Lin Zhang|2011-10-23T20:21:22.423+0000
343597384232|Wall of John Johnson|2011-01-04T20:49:43.151+0000
549755814441|Wall of Chen Zhu|2011-05-30T13:33:17.815+0000
549755814442|Album 0 of Chen Zhu|2011-06-26T02:31:02.627+0000
618475291179|Album 1 of Chen Zhu|2011-08-29T13:32:47.373+0000
687194767917|Album 3 of Chen Zhu|2011-10-20T19:22:22.378+0000
687194767919|Album 5 of Chen Zhu|2011-11-13T20:45:41.767+0000
687194767920|Album 6 of Chen Zhu|2011-10-08T14:16:32.812+0000
549755814449|Album 7 of Chen Zhu|2011-07-04T22:28:06.217+0000
618475291186|Wall of Otto Redl|2011-09-03T09:39:07.372+0000
618475291189|Album 2 of Otto Redl|2011-09-07T16:03:58.895+0000
687194767926|Album 3 of Otto Redl|2011-09-29T21:16:48.929+0000
687194767927|Album 4 of Otto Redl|2011-11-11T18:12:56.227+0000
137438954040|Wall of Jorge Araujo Castro|2010-06-27T05:06:34.100+0000
343597384249|Album 0 of Jorge Araujo Castro|2010-12-08T23:09:16.500+0000
687194767930|Album 1 of Jorge Araujo Castro|2011-10-30T05:13:12.904+0000
137438954043|Album 2 of Jorge Araujo Castro|2010-07-23T12:31:34.826+0000
412316860988|Album 3 of Jorge Araujo Castro|2011-02-02T06:13:20.986+0000
618475291197|Album 4 of Jorge Araujo Castro|2011-09-06T19:32:28.781+0000
274877907518|Album 5 of Jorge Araujo Castro|2010-10-16T12:39:11.929+0000
481036337727|Album 6 of Jorge Araujo Castro|2011-05-19T16:45:09.961+0000
206158430784|Album 7 of Jorge Araujo Castro|2010-09-05T11:45:24.317+0000
206158430785|Album 8 of Jorge Araujo Castro|2010-08-26T23:13:39.981+0000
549755814466|Album 9 of Jorge Araujo Castro|2011-06-22T23:12:28.349+0000
412316860995|Album 10 of Jorge Araujo Castro|2011-02-18T03:48:56.911+0000
206158430788|Album 11 of Jorge Araujo Castro|2010-08-22T08:02:44.927+0000
206158430789|Album 12 of Jorge Araujo Castro|2010-09-09T21:04:36.791+0000
481036337734|Album 13 of Jorge Araujo Castro|2011-04-17T15:43:56.257+0000
687194767943|Album 14 of Jorge Araujo Castro|2011-10-12T12:25:44.805+0000
412316861000|Album 15 of Jorge Araujo Castro|2011-01-27T16:37:30.535+0000
343597384265|Album 16 of Jorge Araujo Castro|2010-12-04T12:42:37.004+0000
618475291210|Album 17 of Jorge Araujo Castro|2011-09-08T22:51:48.738+0000
687194767947|Album 18 of Jorge Araujo Castro|2011-09-29T09:53:11.945+0000
68719477324|Wall of Jae-Jin Park|2010-05-27T10:17:42.396+0000
206158430797|Album 0 of Jae-Jin Park|2010-09-09T22:59:57.456+0000
137438954062|Album 1 of Jae-Jin Park|2010-07-16T14:53:30.596+0000
549755814479|Album 2 of Jae-Jin Park|2011-06-13T08:07:08.480+0000
343597384272|Album 3 of Jae-Jin Park|2010-12-30T09:15:15.640+0000
274877907537|Album 4 of Jae-Jin Park|2010-10-15T23:15:15.340+0000
618475291219|Album 6 of Jae-Jin Park|2011-07-31T23:08:26.173+0000
343597384276|Album 7 of Jae-Jin Park|2011-01-10T03:17:43.982+0000
687194767957|Album 8 of Jae-Jin Park|2011-11-14T06:49:49.911+0000
137438954070|Album 9 of Jae-Jin Park|2010-06-01T20:27:02.329+0000
687194767960|Album 11 of Jae-Jin Park|2011-11-16T13:38:13.150+0000
274877907547|Album 14 of Jae-Jin Park|2010-10-05T20:06:35.198+0000
343597384284|Album 15 of Jae-Jin Park|2011-01-23T23:14:35.942+0000
618475291229|Album 16 of Jae-Jin Park|2011-08-10T05:04:27.705+0000
412316861023|Album 18 of Jae-Jin Park|2011-02-06T22:54:50.240+0000
618475291232|Album 19 of Jae-Jin Park|2011-09-13T16:41:29.422+0000
609|Wall of Anson Chen|2010-02-11T22:52:40.859+0000
137438954082|Album 0 of Anson Chen|2010-07-10T09:55:06.128+0000
481036337763|Album 1 of Anson Chen|2011-04-27T14:48:28.936+0000
412316861028|Album 2 of Anson Chen|2011-02-28T07:49:53.973+0000
481036337765|Album 3 of Anson Chen|2011-05-05T17:23:14.283+0000
614|Album 4 of Anson Chen|2010-02-14T15:53:10.300+0000
343597384295|Album 5 of Anson Chen|2011-01-25T09:11:11.767+0000
274877907560|Album 6 of Anson Chen|2010-10-02T04:44:23.184+0000
412316861033|Album 7 of Anson Chen|2011-03-09T10:58:43.952+0000
343597384298|Album 8 of Anson Chen|2010-12-06T19:50:43.900+0000
206158430827|Album 9 of Anson Chen|2010-08-09T15:12:43.194+0000
343597384300|Album 10 of Anson Chen|2011-01-12T09:43:31.458+0000
618475291245|Album 11 of Anson Chen|2011-09-10T08:50:09.987+0000
68719477359|Album 13 of Anson Chen|2010-05-18T14:15:40.221+0000
481036337776|Album 14 of Anson Chen|2011-04-26T00:15:01.052+0000
274877907569|Album 15 of Anson Chen|2010-11-15T07:20:45.747+0000
687194767986|Album 16 of Anson Chen|2011-11-06T02:58:23.645+0000
618475291251|Album 17 of Anson Chen|2011-08-11T02:32:31.637+0000
481036337780|Album 18 of Anson Chen|2011-04-27T00:54:51.027+0000
630|Album 20 of Anson Chen|2010-02-18T20:42:01.800+0000
549755814519|Album 21 of Anson Chen|2011-06-20T04:13:27.349+0000
618475291256|Album 22 of Anson Chen|2011-09-06T22:50:45.580+0000
68719477369|Wall of Cheng Chen|2010-05-19T15:41:01.789+0000
687194767994|Wall of Wei Hu|2011-11-09T10:53:43.119+0000
343597384315|Wall of Abdul Haris Tobing|2010-12-03T00:44:30.197+0000
206158430845|Wall of Alejandro Rodriguez|2010-09-25T14:25:33.495+0000
343597384318|Album 0 of Alejandro Rodriguez|2011-01-01T15:42:55.723+0000
343597384319|Album 1 of Alejandro Rodriguez|2010-12-08T09:02:01.098+0000
687194768000|Album 2 of Alejandro Rodriguez|2011-10-23T23:23:22.625+0000
618475291265|Album 3 of Alejandro Rodriguez|2011-08-19T01:47:38.320+0000
618475291266|Album 4 of Alejandro Rodriguez|2011-08-23T14:18:05.231+0000
549755814531|Album 5 of Alejandro Rodriguez|2011-06-25T23:50:46.757+0000
481036337796|Album 6 of Alejandro Rodriguez|2011-05-09T03:52:35.516+0000
343597384325|Album 7 of Alejandro Rodriguez|2011-01-24T02:07:34.917+0000
274877907590|Album 8 of Alejandro Rodriguez|2010-10-03T13:02:47.435+0000
618475291271|Album 9 of Alejandro Rodriguez|2011-09-05T14:26:01.969+0000
549755814536|Album 10 of Alejandro Rodriguez|2011-06-23T04:17:33.689+0000
412316861065|Album 11 of Alejandro Rodriguez|2011-02-26T12:50:57.324+0000
618475291274|Album 12 of Alejandro Rodriguez|2011-08-30T13:14:22.248+0000
343597384331|Album 13 of Alejandro Rodriguez|2011-01-18T03:27:00.101+0000
618475291276|Album 14 of Alejandro Rodriguez|2011-08-07T10:19:53.064+0000
343597384333|Album 15 of Alejandro Rodriguez|2010-12-01T21:40:18.602+0000
481036337806|Wall of Alexei Kahnovich|2011-05-18T22:30:29.573+0000
549755814546|Wall of Joakim Larsson|2011-07-09T20:13:27.271+0000
549755814547|Wall of Mirza Kalich Ali|2011-06-04T09:23:10.627+0000
137438954134|Wall of Fritz Engel|2010-06-05T20:25:31.535+0000
206158430871|Wall of Hans Johansson|2010-09-18T10:11:07.425+0000
549755814553|Album 1 of Hans Johansson|2011-07-08T18:22:13.258+0000
618475291291|Album 3 of Hans Johansson|2011-07-31T06:37:27.595+0000
481036337821|Album 5 of Hans Johansson|2011-03-30T10:42:35.272+0000
549755814558|Album 6 of Hans Johansson|2011-07-15T16:31:30.463+0000
618475291295|Album 7 of Hans Johansson|2011-09-21T03:54:09.792+0000
687194768032|Album 8 of Hans Johansson|2011-10-14T19:32:19.243+0000
687194768033|Album 9 of Hans Johansson|2011-11-14T23:19:34.856+0000
549755814562|Album 10 of Hans Johansson|2011-06-03T02:45:06.279+0000
618475291299|Album 11 of Hans Johansson|2011-09-01T15:00:16.262+0000
549755814565|Album 13 of Hans Johansson|2011-07-18T03:23:08.281+0000
687194768038|Album 14 of Hans Johansson|2011-10-28T11:12:09.551+0000
343597384359|Album 15 of Hans Johansson|2011-01-11T06:13:26.158+0000
549755814568|Wall of Alfonso Rodriguez|2011-06-30T03:09:30.329+0000
687194768041|Album 0 of Alfonso Rodriguez|2011-10-02T17:56:15.896+0000
687194768044|Album 3 of Alfonso Rodriguez|2011-10-18T18:07:16.896+0000
687194768045|Album 4 of Alfonso Rodriguez|2011-10-21T18:10:02.105+0000
687194768046|Album 5 of Alfonso Rodriguez|2011-09-28T16:04:49.575+0000
618475291311|Album 6 of Alfonso Rodriguez|2011-08-11T21:58:28.699+0000
