Person.id|email
17592186044428|Jose17592186044428@gmail.com
17592186044428|Jose17592186044428@gmx.com
17592186044428|Jose17592186044428@hotmail.com
10995116277848|Chong10995116277848@gmail.com
10995116277848|Chong10995116277848@gmx.com
10995116277848|Chong10995116277848@yahoo.com
13194139533402|Cam13194139533402@gmail.com
13194139533402|Cam13194139533402@gmx.com
13194139533402|Cam13194139533402@hotmail.com
13194139533402|Cam13194139533402@yahoo.com
21990232555604|Anatoly21990232555604@gmail.com
21990232555604|Anatoly21990232555604@gmx.com
65|Marc65@gmail.com
65|Marc65@planetsmeg.com
6597069766738|Alexei6597069766738@gmail.com
2199023255602|Alec2199023255602@gmail.com
2199023255602|Alec2199023255602@gmx.com
2199023255602|Alec2199023255602@zoho.com
10995116277761|Evangelos10995116277761@gmx.com
15393162788895|Otto15393162788895@gmail.com
15393162788895|Otto15393162788895@hotmail.ru
15393162788895|Otto15393162788895@pookmail.com
4398046511173|Masahiro4398046511173@gmx.com
6597069766716|Paul6597069766716@gmx.com
21990232555554|Roberto21990232555554@gmail.com
21990232555554|Roberto21990232555554@hotmail.com
21990232555554|Roberto21990232555554@yahoo.com
2199023255600|Adje.van.den.Berg2199023255600@gmail.com
2199023255600|Adje.van.den.Berg2199023255600@gmx.com
2199023255600|Adje.van.den.Berg2199023255600@hotmail.com
2199023255637|Hao2199023255637@gmail.com
2199023255637|Hao2199023255637@gmx.com
2199023255637|Hao2199023255637@yahoo.com
2199023255558|Baby2199023255558@gmail.com
2199023255558|Baby2199023255558@gmx.com
2199023255558|Baby2199023255558@yahoo.com
13194139533378|Jie13194139533378@gmail.com
13194139533378|Jie13194139533378@gmx.com
13194139533378|Jie13194139533378@yahoo.com
17592186044508|Abdoulaye.Khouma17592186044508@gmail.com
17592186044508|Abdoulaye.Khouma17592186044508@gmx.com
13194139533390|Tamas13194139533390@gmx.com
4398046511141|Wei4398046511141@gmail.com
4398046511141|Wei4398046511141@yahoo.com
17592186044443|Wojciech17592186044443@gmail.com
17592186044443|Wojciech17592186044443@gmx.com
17592186044443|Wojciech17592186044443@zoho.com
19791209300039|Albaye.Papa19791209300039@gmail.com
19791209300039|Albaye.Papa19791209300039@gmx.com
4398046511107|Aleksandr4398046511107@gmail.com
4398046511107|Aleksandr4398046511107@hotmail.com
6597069766661|Eric6597069766661@gmail.com
6597069766661|Eric6597069766661@gmx.com
6597069766661|Eric6597069766661@yahoo.com
15393162788955|Chong15393162788955@gmail.com
15393162788955|Chong15393162788955@gmx.com
19791209299992|Jie19791209299992@gmail.com
19791209299992|Jie19791209299992@gmx.com
4398046511181|Karl4398046511181@gmail.com
4398046511181|Karl4398046511181@gmx.com
4398046511181|Karl4398046511181@yahoo.com
4398046511181|Karl4398046511181@zoho.com
6597069766745|Cheng6597069766745@gmail.com
6597069766745|Cheng6597069766745@gmx.com
6597069766745|Cheng6597069766745@hotmail.com
8796093022287|Jose8796093022287@gmail.com
94|Jun94@gmx.com
10995116277769|Alim10995116277769@gmail.com
10995116277769|Alim10995116277769@gmx.com
13194139533348|Yang13194139533348@gmail.com
13194139533348|Yang13194139533348@yahoo.com
10995116277802|Ali10995116277802@gmx.com
10995116277802|Ali10995116277802@hotmail.com
10995116277802|Ali10995116277802@yahoo.com
13194139533357|Ali13194139533357@gmail.com
13194139533365|Babar13194139533365@gmail.com
13194139533365|Babar13194139533365@yahoo.com
10995116277789|Lei10995116277789@gmail.com
10995116277789|Lei10995116277789@gmx.com
10995116277789|Lei10995116277789@yahoo.com
17592186044456|Celso17592186044456@gmail.com
13194139533364|Akira13194139533364@gmail.com
13194139533364|Akira13194139533364@yahoo.com
2199023255611|Chen2199023255611@gmail.com
2199023255611|Chen2199023255611@yahoo.com
2199023255611|Chen2199023255611@zoho.com
8796093022216|Djelaludin8796093022216@gmail.com
8796093022216|Djelaludin8796093022216@hotmail.com
8796093022216|Djelaludin8796093022216@yahoo.com
8796093022262|Peng8796093022262@yahoo.com
8796093022262|Peng8796093022262@zoho.com
2199023255565|Mehmet2199023255565@gmail.com
13194139533330|Neil13194139533330@gmail.com
13194139533330|Neil13194139533330@gmx.com
19791209300048|Abdul.Jamil19791209300048@gmail.com
19791209300048|Abdul.Jamil19791209300048@gmx.com
19791209300048|Abdul.Jamil19791209300048@hotmail.com
8796093022227|Jimmy8796093022227@yahoo.com
10995116277803|Chen10995116277803@gmail.com
15393162788875|Cheng15393162788875@gmail.com
15393162788875|Cheng15393162788875@gmx.com
15393162788875|Cheng15393162788875@zoho.com
8796093022240|Miguel8796093022240@gmail.com
8796093022240|Miguel8796093022240@gmx.com
8796093022240|Miguel8796093022240@zoho.com
13194139533312|Yang13194139533312@gmail.com
4398046511159|Luis4398046511159@gmail.com
4398046511159|Luis4398046511159@gmx.com
4398046511159|Luis4398046511159@zoho.com
17592186044423|Jun17592186044423@gmail.com
17592186044423|Jun17592186044423@yahoo.com
2199023255593|Yang2199023255593@gmail.com
2199023255593|Yang2199023255593@gmx.com
2199023255593|Yang2199023255593@hotmail.com
2199023255593|Yang2199023255593@yahoo.com
10995116277807|Tissa10995116277807@chemist.com
10995116277807|Tissa10995116277807@yahoo.com
4398046511185|Adrian4398046511185@gmail.com
4398046511185|Adrian4398046511185@gmx.com
4398046511185|Adrian4398046511185@yahoo.com
15393162788868|Bryn15393162788868@gmail.com
15393162788868|Bryn15393162788868@gmx.com
15393162788868|Bryn15393162788868@yahoo.com
15393162788868|Bryn15393162788868@zoho.com
21990232555569|Lin21990232555569@gmail.com
21990232555569|Lin21990232555569@gmx.com
21990232555569|Lin21990232555569@hotmail.com
21990232555569|Lin21990232555569@yahoo.com
10995116277783|John10995116277783@giza.cc
10995116277783|John10995116277783@gmail.com
19791209300024|Otto19791209300024@gmail.com
19791209300024|Otto19791209300024@jizan.cc
19791209300024|Otto19791209300024@yahoo.com
4398046511168|Jorge4398046511168@gmail.com
4398046511168|Jorge4398046511168@gmx.com
4398046511168|Jorge4398046511168@yahoo.com
2199023255628|Jae-Jin2199023255628@gmail.com
2199023255628|Jae-Jin2199023255628@zoho.com
2199023255625|Cheng2199023255625@gmail.com
10995116277762|Abdul.Haris10995116277762@gmail.com
15393162788908|Alexei15393162788908@gmx.com
17592186044446|Joakim17592186044446@gmail.com
17592186044446|Joakim17592186044446@gmx.com
17592186044446|Joakim17592186044446@yahoo.com
17592186044484|Mirza.Kalich17592186044484@gmail.com
17592186044484|Mirza.Kalich17592186044484@gmx.com
17592186044484|Mirza.Kalich17592186044484@zoho.com
4398046511167|Fritz4398046511167@gmx.com
6597069766684|Hans6597069766684@gmail.com
6597069766684|Hans6597069766684@hotmail.com
6597069766684|Hans6597069766684@yahoo.com
17592186044454|Alfonso17592186044454@yahoo.com
