Person.id|language
17592186044428|es
17592186044428|en
10995116277848|zh
10995116277848|en
13194139533402|vi
13194139533402|en
4398046511143|ru
4398046511143|en
8796093022228|ar
8796093022228|wo
8796093022228|en
21990232555604|uk
21990232555604|hu
21990232555604|en
65|fr
65|mg
65|en
6597069766738|ru
6597069766738|en
2199023255602|zh
2199023255602|en
10995116277761|en
10995116277761|fr
15393162788895|de
15393162788895|en
17592186044509|es
17592186044509|en
4398046511173|ja
4398046511173|en
6597069766716|de
6597069766716|en
17592186044430|fa
17592186044430|ku
17592186044430|en
21990232555554|es
21990232555554|en
2199023255600|nl
2199023255600|en
2199023255637|zh
2199023255637|en
13194139533337|it
13194139533337|de
13194139533337|en
2199023255558|zh
2199023255558|en
13194139533378|zh
13194139533378|en
17592186044499|ru
17592186044499|en
17592186044508|fr
17592186044508|en
13194139533390|hu
13194139533390|en
4398046511141|zh
4398046511141|en
10995116277818|en
10995116277818|ml
17592186044443|pl
17592186044443|en
17592186044490|zh
17592186044490|en
19791209300039|fr
19791209300039|en
4398046511107|ru
4398046511107|en
6597069766661|my
6597069766661|en
15393162788955|zh
15393162788955|en
19791209299992|zh
19791209299992|en
4398046511181|de
4398046511181|en
6597069766745|zh
6597069766745|en
8796093022287|pt
8796093022287|en
4398046511126|ja
4398046511126|en
94|zh
94|en
10995116277769|az
10995116277769|ru
10995116277769|en
13194139533328|pl
13194139533328|en
21990232555553|ar
21990232555553|fr
21990232555553|en
13194139533348|zh
13194139533348|en
10995116277802|ar
10995116277802|fr
10995116277802|en
13194139533357|fr
13194139533357|ha
13194139533357|en
13194139533365|en
19791209300014|es
19791209300014|en
10995116277789|zh
10995116277789|en
15393162788961|zh
15393162788961|en
17592186044456|pt
17592186044456|en
13194139533364|ja
13194139533364|en
2199023255611|zh
2199023255611|en
8796093022216|tk
8796093022216|en
8796093022262|zh
8796093022262|en
21990232555555|ur
21990232555555|en
2199023255565|tr
2199023255565|en
13194139533330|en
13194139533330|af
21990232555587|en
19791209300048|ur
19791209300048|en
8796093022227|en
8796093022227|to
10995116277803|zh
10995116277803|en
15393162788875|zh
15393162788875|en
8796093022240|es
8796093022240|en
13194139533312|zh
13194139533312|en
4398046511159|es
4398046511159|en
17592186044423|zh
17592186044423|en
15393162788915|ru
15393162788915|kk
15393162788915|en
2199023255593|zh
2199023255593|en
10995116277807|ta
10995116277807|si
10995116277807|en
4398046511185|es
4398046511185|en
15393162788868|en
15393162788868|cy
2199023255562|de
2199023255562|en
21990232555569|zh
21990232555569|en
10995116277783|en
17592186044515|zh
17592186044515|en
19791209300024|sk
19791209300024|en
4398046511168|es
4398046511168|en
2199023255628|en
96|zh
96|en
2199023255625|zh
2199023255625|en
21990232555618|zh
21990232555618|en
10995116277762|jv
10995116277762|en
6597069766742|es
6597069766742|en
15393162788908|ru
15393162788908|en
17592186044446|sv
17592186044446|fi
17592186044446|en
17592186044484|en
17592186044484|ur
4398046511167|de
4398046511167|en
6597069766684|sv
6597069766684|en
17592186044454|es
17592186044454|en
