id|firstName|lastName|gender|birthday|creationDate|locationIP|browserUsed
17592186044428|Jose|Alonso|female|1987-09-18|2011-07-02T12:48:01.205+0000|200.5.15.1|Internet Explorer
10995116277848|Chong|Zhang|male|1983-01-20|2010-12-24T23:29:05.380+0000|1.118.167.195|Chrome
13194139533402|Cam|Loan|female|1982-06-09|2011-03-06T23:12:01.359+0000|180.214.238.250|Firefox
4398046511143|Alexei|Feltsman|female|1985-12-05|2010-06-08T06:42:19.724+0000|31.28.5.32|Firefox
8796093022228|Yahya Ould Ahmed El|Abdallahi|male|1989-02-28|2010-10-06T14:48:50.043+0000|41.138.128.120|Internet Explorer
21990232555604|Anatoly|Shevchenko|female|1980-12-23|2011-09-26T04:15:43.811+0000|46.149.161.116|Firefox
65|Marc|Ravalomanana|female|1989-06-15|2010-03-10T21:41:38.248+0000|41.204.124.157|Firefox
6597069766738|Alexei|Codreanu|male|1983-10-27|2010-08-21T18:58:53.201+0000|194.28.115.128|Chrome
2199023255602|Alec|Lin|female|1983-01-03|2010-05-09T08:28:17.398+0000|59.105.186.186|Firefox
10995116277761|Evangelos|Alkaios|male|1987-02-05|2010-12-16T10:46:41.647+0000|31.177.56.248|Internet Explorer
15393162788895|Otto|Richter|male|1982-11-12|2011-05-19T01:37:42.298+0000|46.1.161.149|Firefox
17592186044509|Pablo|Bernal|female|1986-01-12|2011-06-10T06:50:06.236+0000|190.11.62.125|Firefox
4398046511173|Masahiro|Sato|male|1980-07-08|2010-06-15T18:30:51.007+0000|27.96.16.2|Chrome
6597069766716|Paul|Becker|female|1990-01-10|2010-09-20T18:38:26.626+0000|31.25.155.229|Opera
17592186044430|Hossein|Forouhar|male|1984-04-11|2011-05-28T12:56:40.445+0000|80.242.6.167|Firefox
21990232555554|Roberto|Diaz|female|1980-08-08|2011-10-25T15:50:18.574+0000|186.157.33.68|Firefox
2199023255600|Adje van den Berg|Vries|female|1986-08-07|2010-05-21T03:57:17.434+0000|192.101.114.157|Firefox
2199023255637|Hao|Li|male|1985-12-26|2010-04-20T00:08:07.264+0000|27.113.157.227|Internet Explorer
13194139533337|Luigi|Colombo|male|1986-11-21|2011-02-11T19:19:50.310+0000|46.30.174.108|Internet Explorer
2199023255558|Baby|Yang|male|1985-09-20|2010-04-10T12:22:16.443+0000|1.91.255.137|Internet Explorer
13194139533378|Jie|Li|male|1980-11-10|2011-03-20T20:17:27.252+0000|1.8.197.101|Chrome
17592186044499|Aleksandr|Dobrunov|male|1982-02-13|2011-05-30T04:30:56.360+0000|31.44.85.120|Chrome
17592186044508|Abdoulaye Khouma|Dia|male|1986-08-17|2011-05-28T03:37:30.949+0000|41.208.187.206|Firefox
13194139533390|Tamas|Gabor|male|1988-08-29|2011-01-29T17:57:33.895+0000|80.244.104.27|Internet Explorer
4398046511141|Wei|Wei|female|1985-03-14|2010-07-12T03:44:23.856+0000|1.50.49.76|Internet Explorer
10995116277818|Amy|Chen|female|1985-11-07|2010-12-18T21:13:50.673+0000|122.129.125.225|Chrome
17592186044443|Wojciech|Ciesla|male|1986-01-07|2011-06-02T14:45:29.531+0000|46.174.229.243|Internet Explorer
17592186044490|Li|Zhang|female|1983-08-08|2011-07-21T10:01:12.243+0000|1.185.69.240|Firefox
19791209300039|Albaye Papa|Diouf|female|1983-01-18|2011-08-10T09:56:09.162+0000|196.1.92.16|Internet Explorer
4398046511107|Aleksandr|Efimkin|male|1981-09-08|2010-07-04T22:23:29.540+0000|31.29.176.238|Internet Explorer
6597069766661|Eric|Mettacara|male|1989-09-05|2010-09-24T00:23:02.218+0000|61.4.70.129|Firefox
15393162788955|Chong|Liu|male|1984-07-19|2011-04-24T22:29:11.610+0000|27.121.124.178|Chrome
19791209299992|Jie|Yang|male|1980-12-29|2011-09-07T21:12:16.013+0000|27.54.227.49|Firefox
4398046511181|Karl|Fischer|female|1986-06-11|2010-06-22T14:58:38.014+0000|31.172.105.254|Chrome
6597069766745|Cheng|Yang|male|1983-11-20|2010-08-07T06:04:01.138+0000|1.207.210.218|Firefox
8796093022287|Jose|Pereira|male|1980-08-18|2010-10-20T11:07:10.222+0000|84.23.196.223|Firefox
4398046511126|Ken|Yamada|male|1986-11-12|2010-06-29T08:42:28.157+0000|27.114.117.247|Internet Explorer
94|Jun|Hu|female|1980-08-16|2010-02-04T19:17:45.721+0000|1.0.15.231|Firefox
10995116277769|Alim|Guliyev|female|1984-11-07|2011-01-16T11:09:42.239+0000|213.172.70.115|Firefox
13194139533328|Jan|Zakrzewski|female|1986-08-05|2011-02-22T09:43:46.520+0000|46.134.160.220|Chrome
21990232555553|Ali|Ferrer|female|1981-06-30|2011-10-18T07:01:43.668+0000|195.39.218.25|Safari
13194139533348|Yang|Liu|male|1986-09-27|2011-03-05T18:24:21.410+0000|1.4.4.161|Chrome
10995116277802|Ali|Achiou|female|1981-04-11|2010-12-09T17:55:51.739+0000|41.220.144.245|Firefox
13194139533357|Ali|Abouba|male|1987-06-29|2011-01-29T22:36:14.383+0000|41.190.231.209|Internet Explorer
13194139533365|Babar|Khan|female|1986-05-08|2011-03-07T10:47:04.711+0000|180.149.219.252|Firefox
19791209300014|Alejandro|Garcia|male|1987-01-16|2011-09-20T22:51:12.492+0000|189.211.53.44|Firefox
10995116277789|Lei|Zhang|male|1986-08-23|2010-11-29T08:54:34.051+0000|27.152.223.174|Firefox
15393162788961|Zhi|Zhang|male|1981-07-19|2011-04-18T04:28:34.747+0000|1.92.228.121|Internet Explorer
17592186044456|Celso|Oliveira|male|1988-09-23|2011-06-08T07:58:04.294+0000|198.184.161.200|Chrome
13194139533364|Akira|Yamamoto|female|1983-01-15|2011-02-19T15:11:15.419+0000|14.192.56.217|Chrome
2199023255611|Chen|Yang|female|1982-08-28|2010-05-27T10:20:32.098+0000|1.2.2.172|Firefox
8796093022216|Djelaludin|Zaland|male|1983-06-23|2010-11-06T03:57:57.948+0000|175.106.62.55|Internet Explorer
8796093022262|Peng|Yang|female|1985-09-17|2010-11-01T01:20:52.131+0000|27.99.195.237|Internet Explorer
21990232555555|Ayesha|Ahmed|male|1988-12-13|2011-10-26T22:23:15.020+0000|103.4.95.154|Chrome
2199023255565|Mehmet|Koksal|female|1988-01-04|2010-05-30T06:05:38.404+0000|89.19.15.175|Firefox
13194139533330|Neil|Murray|female|1982-09-15|2011-03-09T21:57:34.297+0000|41.76.112.129|Firefox
21990232555587|Francisco|Reyes|female|1985-10-21|2011-11-18T11:35:44.666+0000|115.42.124.203|Firefox
19791209300048|Abdul Jamil|Qureshi|female|1983-01-17|2011-08-12T21:56:04.380+0000|110.34.33.62|Firefox
8796093022227|Jimmy|Burak|female|1984-09-01|2010-10-14T09:36:34.095+0000|196.12.14.141|Firefox
10995116277803|Chen|Li|female|1987-12-25|2011-01-08T06:04:56.300+0000|1.0.1.30|Chrome
15393162788875|Cheng|Wei|male|1981-05-08|2011-04-12T14:15:09.188+0000|14.0.3.125|Chrome
8796093022240|Miguel|Gonzalez|male|1981-10-18|2010-11-02T16:41:56.594+0000|189.241.128.207|Chrome
13194139533312|Yang|Li|male|1985-03-27|2011-02-16T21:06:46.500+0000|1.2.56.235|Internet Explorer
4398046511159|Luis|Alonso|male|1982-12-25|2010-07-11T11:00:47.625+0000|200.14.52.182|Internet Explorer
17592186044423|Jun|Li|female|1987-10-06|2011-05-31T09:40:41.326+0000|27.41.209.192|Chrome
15393162788915|Oleg|Bazayev|female|1989-10-13|2011-04-17T08:53:11.552+0000|89.250.92.152|Chrome
2199023255593|Yang|Wang|male|1986-09-22|2010-05-03T21:48:34.719+0000|1.2.15.31|Safari
10995116277807|Tissa|Perera|male|1983-06-09|2010-12-17T10:29:47.545+0000|220.247.197.229|Safari
4398046511185|Adrian|Bravo|female|1984-05-04|2010-06-02T14:49:10.548+0000|187.138.134.253|Internet Explorer
15393162788868|Bryn|Davies|male|1985-07-03|2011-04-05T06:32:25.571+0000|31.222.75.131|Internet Explorer
2199023255562|Wolfgang|Bauer|male|1989-11-20|2010-04-13T11:05:15.033+0000|2.171.80.164|Internet Explorer
21990232555569|Lin|Zhang|male|1981-05-01|2011-10-23T20:21:12.423+0000|27.50.186.50|Safari
10995116277783|John|Johnson|male|1989-06-08|2011-01-04T20:49:33.151+0000|23.19.112.38|Firefox
17592186044515|Chen|Zhu|female|1980-10-02|2011-05-30T13:33:07.815+0000|1.10.11.61|Chrome
19791209300024|Otto|Redl|male|1983-04-25|2011-09-03T09:38:57.372+0000|31.43.93.97|Firefox
4398046511168|Jorge|Araujo Castro|female|1980-12-21|2010-06-27T05:06:24.100+0000|190.13.20.59|Opera
2199023255628|Jae-Jin|Park|male|1989-04-10|2010-05-27T10:17:32.396+0000|27.118.77.99|Chrome
96|Anson|Chen|female|1981-12-25|2010-02-11T22:52:30.859+0000|1.4.7.38|Chrome
2199023255625|Cheng|Chen|male|1981-12-06|2010-05-19T15:40:51.789+0000|27.98.233.59|Internet Explorer
21990232555618|Wei|Hu|female|1989-06-10|2011-11-09T10:53:33.119+0000|27.54.75.13|Internet Explorer
10995116277762|Abdul Haris|Tobing|female|1989-12-12|2010-12-03T00:44:20.197+0000|103.3.209.11|Chrome
6597069766742|Alejandro|Rodriguez|male|1982-12-24|2010-09-25T14:25:23.495+0000|187.177.192.185|Chrome
15393162788908|Alexei|Kahnovich|female|1985-07-12|2011-05-18T22:30:19.573+0000|2.62.32.63|Internet Explorer
17592186044446|Joakim|Larsson|female|1980-04-23|2011-07-09T20:13:17.271+0000|209.95.156.119|Internet Explorer
17592186044484|Mirza Kalich|Ali|male|1989-11-02|2011-06-04T09:23:00.627+0000|175.111.0.55|Firefox
4398046511167|Fritz|Engel|female|1987-02-02|2010-06-05T20:25:21.535+0000|31.15.70.125|Firefox
6597069766684|Hans|Johansson|female|1982-05-28|2010-09-18T10:10:57.425+0000|62.247.207.42|Firefox
17592186044454|Alfonso|Rodriguez|female|1984-05-11|2011-06-30T03:09:20.329+0000|189.204.77.143|Internet Explorer
