Post.id|Place.id
687194767360|71
687194767361|71
687194767362|71
687194767363|71
687194767364|71
687194767365|71
687194767366|71
687194767367|71
687194767368|71
687194767369|71
687194767370|71
687194767371|71
687194767372|71
687194767373|71
687194767374|71
687194767375|71
687194767376|71
687194767377|71
687194767378|71
687194767379|71
687194767380|71
687194767381|71
687194767382|71
687194767383|71
687194767384|71
687194767385|71
687194767386|71
687194767387|71
687194767388|71
687194767389|71
687194767390|71
687194767391|71
687194767392|71
687194767393|71
687194767394|71
549755813923|71
549755813924|71
549755813925|71
549755813926|71
549755813927|71
549755813928|71
549755813929|71
618475290667|71
618475290668|71
481036337213|1
343597383744|42
618475290689|89
549755813973|56
549755813974|56
549755813975|56
549755813976|56
549755813977|56
549755813978|56
549755813979|56
549755813980|56
549755813981|56
549755813982|56
549755813983|56
549755813984|56
549755813985|56
549755813986|56
549755813987|56
549755813988|56
549755813989|56
549755813990|56
549755813991|56
549755813992|56
618475290729|56
412316860522|56
412316860523|56
412316860524|56
412316860525|56
412316860526|56
412316860527|56
412316860528|56
412316860529|56
412316860530|56
412316860531|56
412316860532|56
412316860533|56
412316860534|56
412316860535|56
412316860536|56
412316860537|56
412316860538|56
412316860539|56
412316860540|56
549755814013|56
549755814014|56
549755814015|56
549755814016|56
549755814017|56
549755814018|56
687194767491|56
687194767492|56
687194767493|56
687194767494|56
687194767495|56
687194767496|56
687194767497|56
687194767498|56
687194767499|56
687194767500|56
687194767501|56
687194767502|56
687194767503|56
687194767504|56
687194767505|56
687194767506|56
481036337299|56
481036337300|56
481036337301|56
481036337302|56
481036337303|56
481036337304|56
481036337305|56
481036337306|56
481036337307|56
481036337308|56
481036337309|56
481036337310|56
481036337311|56
481036337312|56
481036337313|56
481036337314|56
481036337315|56
481036337316|56
481036337317|56
481036337318|56
481036337354|56
481036337355|56
481036337356|56
481036337357|56
481036337358|56
481036337359|56
481036337360|56
481036337361|56
343597383890|56
343597383891|56
343597383892|56
343597383893|56
343597383894|56
343597383895|56
343597383896|56
343597383897|56
343597383898|56
343597383899|56
343597383900|56
343597383901|56
343597383902|56
343597383903|56
343597383904|56
343597383905|56
343597383906|56
343597383907|56
343597383908|56
274877907173|56
274877907174|56
274877907175|56
274877907176|56
274877907177|56
274877907178|56
274877907179|56
274877907180|56
274877907181|56
274877907182|56
274877907183|56
274877907184|56
274877907185|56
274877907186|56
274877907187|56
343597383924|56
343597383925|56
343597383926|56
343597383927|56
343597383928|56
343597383929|56
343597383930|56
343597383931|56
206158430460|56
206158430461|56
206158430462|56
206158430463|56
206158430464|56
206158430465|56
206158430466|56
206158430467|56
206158430468|56
206158430469|56
206158430470|56
206158430471|56
206158430472|56
206158430473|56
206158430474|56
206158430475|56
206158430476|56
206158430477|56
206158430478|56
206158430479|56
206158430480|56
412316860689|56
412316860690|56
412316860691|56
412316860692|56
412316860693|56
412316860694|56
412316860695|56
412316860696|56
412316860697|56
343597383962|56
343597383963|56
343597383964|56
343597383965|56
343597383966|56
549755814175|56
549755814176|56
549755814177|56
549755814178|56
549755814179|56
549755814180|56
549755814181|56
549755814182|56
549755814183|56
549755814184|56
549755814185|56
549755814186|56
549755814187|56
549755814188|56
481036337453|56
481036337454|56
481036337455|56
481036337456|56
481036337457|56
481036337458|56
481036337459|56
481036337460|56
481036337461|56
481036337462|56
481036337463|56
481036337464|56
481036337465|56
481036337466|56
481036337467|56
481036337468|56
481036337469|56
481036337470|56
549755814207|99
618475290951|25
618475290952|25
618475290953|25
618475290954|25
618475290955|25
618475290956|25
618475290957|25
618475290958|25
412316860754|25
412316860755|25
412316860756|25
412316860757|25
412316860758|25
412316860759|25
412316860760|25
412316860761|25
412316860762|25
412316860763|25
412316860764|25
412316860765|25
618475290974|25
618475290975|25
618475290976|25
618475290977|25
618475290978|25
618475290979|25
618475290980|25
618475290981|25
618475290982|25
618475290983|25
618475290984|25
618475290985|25
618475290986|25
687194767723|25
687194767724|25
687194767725|25
687194767726|25
687194767727|25
687194767728|25
687194767729|25
687194767730|25
687194767731|25
687194767732|25
687194767733|25
687194767734|25
687194767735|25
687194767736|25
687194767737|25
412316860794|25
412316860795|25
412316860796|25
412316860797|25
412316860798|25
412316860799|25
412316860800|25
412316860801|25
412316860802|25
412316860803|25
412316860804|25
412316860805|25
412316860806|25
412316860807|25
412316860808|25
412316860809|25
412316860810|25
412316860811|25
412316860812|25
412316860813|25
549755814286|25
549755814287|25
618475291024|25
618475291025|25
618475291026|25
618475291027|25
618475291028|25
618475291029|25
618475291030|25
618475291031|25
618475291032|25
618475291033|25
618475291034|25
618475291035|25
618475291036|25
618475291037|25
274877907358|25
274877907359|25
274877907360|25
274877907361|25
274877907362|25
274877907363|25
274877907364|25
274877907365|25
274877907366|25
274877907367|25
274877907368|25
274877907369|25
274877907370|25
274877907371|25
274877907372|25
274877907373|25
274877907374|25
274877907375|25
274877907376|25
618475291057|25
618475291058|25
618475291059|25
618475291060|25
618475291061|25
618475291062|25
618475291063|25
618475291064|25
618475291065|25
618475291066|25
549755814331|25
549755814332|25
549755814333|25
549755814334|25
549755814335|25
549755814336|25
549755814337|25
549755814338|25
549755814339|25
549755814340|25
549755814341|25
549755814342|25
549755814343|25
549755814344|25
549755814345|25
549755814346|25
549755814347|25
549755814348|25
549755814349|25
549755814350|25
549755814351|25
412316860880|25
412316860881|25
412316860882|25
412316860883|25
412316860884|25
412316860885|25
412316860886|25
412316860887|25
412316860888|25
412316860889|25
412316860890|25
412316860891|25
412316860892|25
412316860893|25
412316860894|25
412316860895|25
412316860896|25
412316860897|25
412316860898|25
412316860899|25
687194767851|106
687194767852|106
687194767853|106
687194767854|106
687194767855|106
687194767856|106
687194767857|106
687194767858|106
687194767859|106
687194767860|106
687194767861|106
687194767862|106
687194767863|106
687194767864|106
687194767865|106
687194767866|106
68719477244|84
68719477245|84
68719477246|84
68719477247|84
412316860928|84
412316860929|84
412316860930|84
412316860931|84
412316860932|84
412316860933|84
412316860934|84
412316860935|84
412316860936|84
412316860937|84
412316860938|84
412316860939|84
412316860940|84
412316860941|84
412316860942|84
412316860943|84
412316860944|84
481036337681|84
481036337682|84
481036337683|84
481036337684|84
481036337685|84
481036337686|84
481036337687|84
481036337688|84
481036337689|84
481036337690|84
481036337691|84
481036337692|84
481036337693|84
481036337694|84
481036337695|84
481036337696|84
481036337697|84
481036337698|84
481036337699|84
687194767908|84
687194767909|84
687194767910|84
687194767911|84
274877907515|84
274877907516|84
274877907517|84
274877907518|84
274877907519|84
274877907520|84
274877907521|84
274877907522|84
274877907523|84
274877907524|84
274877907525|84
274877907526|84
274877907527|84
584|84
585|84
586|84
587|84
588|84
589|84
590|84
591|84
592|84
593|84
594|84
595|84
596|84
597|84
598|84
274877907543|84
274877907544|84
274877907545|84
274877907546|84
274877907547|84
274877907548|84
274877907549|84
274877907550|84
274877907551|84
274877907552|84
274877907553|84
274877907554|84
274877907555|84
274877907556|84
274877907557|84
274877907558|84
274877907559|84
274877907560|84
274877907561|84
274877907562|84
274877907563|84
274877907564|84
274877907565|84
274877907566|84
274877907567|84
274877907568|84
274877907569|84
274877907570|84
274877907571|84
274877907572|84
274877907573|84
274877907574|84
274877907575|84
412316861048|84
412316861049|84
412316861050|84
412316861051|84
412316861052|84
412316861053|84
412316861054|84
412316861055|84
412316861056|84
412316861057|84
412316861058|84
412316861059|84
412316861060|84
343597384325|84
343597384326|84
343597384327|84
343597384328|84
343597384329|84
343597384330|84
343597384331|84
343597384332|84
343597384333|84
343597384334|84
343597384335|84
343597384336|84
343597384337|84
343597384338|84
343597384339|84
343597384340|84
343597384341|84
343597384342|84
343597384343|84
343597384344|84
549755814553|84
549755814554|84
549755814555|84
549755814556|84
549755814557|84
549755814558|84
549755814559|84
549755814560|84
549755814561|84
549755814562|84
549755814563|84
343597384373|84
343597384374|84
343597384375|84
343597384376|84
343597384377|84
343597384378|84
343597384379|84
343597384380|84
343597384381|84
343597384382|84
343597384383|84
343597384384|84
343597384385|84
343597384386|84
343597384387|84
343597384388|84
412316861125|84
412316861126|84
412316861127|84
412316861128|84
412316861129|84
412316861130|84
412316861131|84
274877907660|84
274877907661|84
274877907662|84
274877907663|84
274877907664|84
274877907665|84
274877907666|84
274877907667|84
274877907668|84
274877907669|84
274877907670|84
274877907671|84
274877907672|84
343597384409|84
343597384410|84
343597384411|84
343597384412|84
343597384413|84
343597384414|84
68719477471|84
68719477472|84
68719477473|84
68719477474|84
68719477475|84
68719477476|84
68719477477|84
68719477478|84
68719477479|84
68719477480|84
68719477481|84
343597384426|84
343597384427|84
343597384428|84
343597384429|84
343597384430|84
343597384431|84
343597384432|84
343597384433|84
343597384434|84
343597384435|84
343597384436|84
343597384437|84
343597384438|84
343597384439|84
343597384440|84
343597384441|84
343597384442|84
763|84
764|84
765|84
766|84
767|84
768|84
412316861185|84
412316861186|84
412316861187|84
412316861188|84
412316861189|84
412316861190|84
412316861191|84
412316861192|84
481036337929|86
481036337930|86
481036337931|86
481036337932|86
481036337933|86
481036337934|86
481036337935|86
481036337936|86
481036337937|86
481036337938|86
481036337939|86
481036337940|86
412316861205|86
412316861206|86
412316861207|86
412316861208|86
412316861209|86
412316861210|86
412316861211|86
412316861212|86
412316861213|86
412316861214|86
412316861215|86
412316861216|86
618475291425|86
618475291426|86
618475291427|86
618475291428|86
618475291429|86
618475291430|86
481036337959|86
481036337960|86
481036337961|86
412316861226|86
412316861227|86
412316861228|86
412316861229|86
412316861230|86
412316861231|86
412316861232|86
412316861233|86
412316861234|86
412316861235|86
412316861236|86
412316861237|86
412316861238|86
412316861239|86
412316861240|86
412316861241|86
343597384506|86
343597384507|86
343597384508|86
343597384509|86
343597384510|86
343597384511|86
343597384512|86
343597384513|86
343597384514|86
343597384515|86
343597384516|86
343597384517|86
343597384518|86
343597384519|86
343597384520|86
343597384521|86
481036337994|86
481036337995|86
481036337996|86
481036337997|86
481036337998|86
481036337999|86
343597384528|86
343597384529|86
343597384530|86
343597384531|86
343597384532|86
343597384533|86
343597384534|86
343597384535|86
343597384536|86
343597384537|86
343597384538|86
343597384539|86
343597384540|86
343597384541|86
343597384542|86
343597384543|86
343597384544|86
343597384545|86
343597384546|86
343597384547|86
618475291492|86
687194768229|86
687194768230|86
687194768231|86
687194768232|86
481036338025|86
481036338026|86
481036338027|86
481036338028|86
481036338029|86
481036338030|86
481036338031|86
274877907826|86
274877907827|86
274877907828|86
274877907829|86
274877907830|86
274877907831|86
274877907832|86
274877907833|86
274877907834|86
274877907835|86
274877907836|86
274877907837|86
274877907838|86
274877907839|86
274877907840|86
618475291521|86
618475291522|86
618475291523|86
618475291524|86
618475291525|86
618475291526|86
618475291527|86
618475291528|86
618475291529|86
618475291530|86
618475291531|86
618475291532|86
618475291533|86
618475291534|86
618475291535|86
618475291536|86
618475291537|86
618475291538|86
618475291539|86
618475291540|86
206158431125|86
206158431126|86
206158431127|86
206158431128|86
206158431129|86
206158431130|86
206158431131|86
206158431132|86
206158431133|86
206158431134|86
206158431135|86
206158431136|86
206158431137|86
206158431138|86
206158431139|86
206158431140|86
206158431141|86
206158431142|86
412316861361|86
412316861362|86
412316861363|86
412316861364|86
412316861365|86
412316861366|86
412316861367|86
343597384632|78
687194768313|82
618475291593|82
412316861400|79
481036338145|3
481036338158|49
412316861442|1
412316861443|1
412316861444|1
412316861445|1
412316861446|1
412316861447|1
412316861448|1
412316861449|1
412316861450|1
412316861451|1
68719477772|1
68719477773|1
68719477774|1
68719477775|1
68719477776|1
68719477777|1
68719477778|1
274877907987|1
274877907988|1
274877907989|1
687194768406|1
687194768407|1
687194768408|1
687194768409|1
687194768410|1
687194768411|1
687194768412|1
687194768413|1
687194768414|1
687194768415|1
687194768416|1
687194768417|1
687194768418|1
687194768419|1
687194768420|1
687194768421|1
687194768422|1
687194768423|1
687194768424|1
137438954537|1
137438954538|1
137438954539|1
137438954540|1
137438954541|1
137438954542|1
137438954543|1
137438954544|1
137438954545|1
137438954546|1
137438954547|1
137438954548|1
137438954549|1
618475291702|1
618475291703|1
618475291704|1
618475291705|1
618475291706|1
618475291707|1
618475291708|1
618475291709|1
481036338238|1
481036338239|1
481036338240|1
137438954561|1
137438954562|1
137438954563|1
137438954564|1
137438954565|1
137438954566|1
137438954567|1
137438954568|1
137438954569|1
137438954570|1
137438954571|1
137438954572|1
137438954573|1
137438954574|1
137438954575|1
137438954576|1
137438954577|1
137438954578|1
137438954579|1
137438954580|1
137438954581|1
137438954582|1
137438954583|1
137438954584|1
137438954585|1
137438954586|1
137438954587|1
137438954588|1
137438954589|1
137438954590|1
137438954591|1
137438954592|1
137438954593|1
137438954594|1
137438954595|1
137438954596|1
137438954597|1
274877908070|1
274877908071|1
343597384808|1
343597384809|1
343597384810|1
343597384811|1
343597384812|1
343597384813|1
343597384814|1
343597384815|1
343597384816|1
549755815025|1
549755815026|1
549755815027|1
549755815028|1
549755815029|1
549755815030|1
549755815031|1
549755815032|1
549755815033|1
549755815034|1
549755815035|1
549755815036|1
549755815037|1
687194768510|1
687194768511|1
687194768512|1
687194768513|1
687194768514|1
687194768515|1
687194768516|1
687194768517|1
687194768518|1
687194768519|1
687194768520|1
687194768521|1
687194768522|1
687194768523|1
687194768524|1
687194768525|1
687194768526|1
687194768527|1
687194768528|1
687194768529|1
687194768530|1
687194768531|1
206158431380|1
206158431381|1
206158431382|1
481036338347|1
481036338348|1
481036338349|1
481036338350|1
481036338351|1
481036338352|1
481036338353|1
481036338354|1
481036338355|1
481036338356|1
481036338357|1
481036338358|1
481036338359|1
481036338360|1
481036338361|1
481036338362|1
481036338363|1
481036338364|1
481036338365|1
481036338366|1
687194768575|1
687194768576|1
687194768577|1
687194768578|1
687194768579|1
687194768580|1
687194768581|1
687194768582|1
412316861639|1
412316861640|1
412316861641|1
412316861642|1
412316861643|1
412316861644|1
412316861645|1
412316861646|1
343597384911|1
343597384912|1
343597384913|1
343597384914|1
343597384915|1
343597384916|1
343597384917|1
343597384918|1
343597384919|1
343597384920|1
343597384921|1
274877908186|1
274877908187|1
274877908188|1
274877908189|1
274877908190|1
274877908191|1
274877908192|1
274877908193|1
274877908194|1
481036338406|1
481036338407|1
481036338408|1
481036338409|1
481036338410|1
481036338411|1
481036338412|1
481036338413|1
481036338414|1
481036338415|1
481036338416|1
549755815161|1
549755815162|1
549755815163|1
549755815164|1
549755815165|1
549755815166|1
549755815167|1
549755815168|1
549755815169|1
549755815170|1
549755815171|1
549755815172|1
274877908229|1
274877908230|1
274877908231|1
274877908232|1
412316861705|1
412316861706|1
412316861707|1
412316861708|1
412316861709|1
412316861710|1
412316861711|1
412316861712|1
412316861713|1
412316861714|1
412316861715|1
412316861716|1
412316861717|1
618475291926|1
618475291927|1
618475291928|1
618475291929|1
618475291930|1
618475291931|1
618475291932|1
618475291933|1
618475291934|1
618475291935|1
618475291936|1
618475291937|1
618475291938|1
618475291939|1
618475291940|1
618475291941|1
618475291942|1
618475291943|1
618475291944|1
618475291945|1
618475291946|1
618475291947|1
618475291948|1
618475291949|1
618475291950|1
343597385007|1
343597385008|1
274877908273|1
274877908274|1
274877908275|1
274877908276|1
274877908277|1
274877908278|1
274877908279|1
274877908280|1
274877908281|1
412316861754|1
412316861755|1
412316861756|1
481036338493|1
481036338494|1
274877908287|1
274877908288|1
274877908289|1
274877908290|1
274877908291|1
274877908292|1
274877908293|1
274877908294|1
274877908295|1
274877908296|1
137438954843|1
137438954844|1
206158431581|1
206158431582|1
206158431583|1
206158431584|1
206158431585|1
206158431586|1
206158431587|1
206158431588|1
206158431589|1
206158431590|1
343597385063|1
343597385064|1
343597385065|1
343597385066|1
343597385067|1
343597385068|1
343597385069|1
343597385070|1
206158431599|1
206158431600|1
206158431601|1
206158431602|1
206158431603|1
206158431604|1
206158431605|1
549755815286|1
549755815287|1
549755815288|1
549755815289|1
549755815290|1
549755815291|1
549755815292|1
549755815293|1
549755815294|1
549755815295|1
549755815296|1
549755815297|1
549755815298|1
549755815299|1
549755815300|96
549755815301|96
549755815302|96
549755815303|96
549755815304|96
549755815305|96
549755815306|96
549755815307|96
549755815308|96
549755815309|96
549755815310|96
549755815311|96
549755815312|96
549755815313|96
549755815314|96
549755815315|96
549755815316|96
549755815317|96
549755815318|96
549755815319|96
687194768793|96
687194768794|96
687194768795|96
687194768796|96
687194768797|96
687194768798|96
687194768799|96
687194768800|96
687194768801|96
687194768802|96
687194768803|96
687194768804|96
687194768805|96
687194768806|96
687194768807|96
618475292074|96
618475292075|96
618475292076|96
618475292077|96
618475292078|96
618475292079|96
618475292080|96
618475292081|96
618475292082|96
618475292083|96
618475292084|96
618475292085|96
687194768822|96
687194768823|96
687194768824|96
687194768825|96
687194768826|96
687194768827|96
687194768828|96
687194768829|96
412316861886|79
412316861887|79
412316861888|79
412316861889|79
412316861890|79
412316861891|79
412316861892|79
412316861893|79
412316861894|79
412316861895|79
412316861896|79
549755815369|79
549755815370|79
549755815371|79
549755815372|79
549755815373|79
549755815374|79
549755815375|79
549755815376|79
549755815377|79
549755815378|79
549755815379|79
549755815380|79
549755815381|79
549755815382|79
549755815383|79
549755815384|79
549755815385|79
549755815386|79
549755815387|79
549755815388|79
687194768861|79
687194768862|79
687194768863|79
687194768864|79
687194768865|79
687194768866|79
687194768867|79
687194768868|79
687194768869|79
687194768870|79
687194768871|79
687194768872|79
687194768873|79
687194768874|79
687194768875|79
687194768876|79
687194768877|79
412316861971|79
412316861972|79
618475292181|79
618475292182|79
618475292183|79
618475292184|79
618475292185|79
618475292186|79
481036338715|79
481036338716|79
481036338717|79
481036338718|79
481036338719|79
481036338720|79
481036338721|79
481036338722|79
481036338723|79
481036338724|79
481036338725|79
481036338726|79
481036338727|79
687194768936|79
687194768937|79
687194768938|79
687194768939|79
687194768940|79
687194768941|79
687194768942|79
687194768943|79
687194768944|79
687194768945|79
687194768946|79
687194768947|79
687194768948|79
687194768949|79
687194768950|79
687194768951|79
687194768952|79
687194768953|79
687194768954|79
687194768973|34
481036338769|101
687194768989|83
687194769051|95
687194769215|38
687194769275|9
481036339094|85
481036339095|85
481036339096|85
481036339097|85
481036339098|85
481036339099|85
481036339100|85
481036339101|85
481036339102|85
481036339103|85
481036339104|85
481036339105|85
481036339106|85
549755815861|85
549755815862|85
549755815863|85
549755815864|85
549755815865|85
549755815866|85
549755815867|85
549755815868|85
549755815869|85
549755815870|85
549755815871|85
549755815872|85
549755815873|85
549755815874|85
549755815875|85
549755815876|85
549755815877|85
549755815878|85
549755815879|85
549755815880|85
549755815881|85
549755815882|85
549755815883|85
549755815884|85
549755815885|85
549755815886|85
549755815887|85
549755815888|85
549755815889|85
549755815890|85
549755815891|85
549755815892|85
549755815893|85
549755815894|85
549755815895|85
549755815896|85
549755815897|85
343597385691|85
343597385692|85
343597385693|85
343597385694|85
343597385695|85
343597385696|85
343597385697|85
343597385698|85
343597385699|85
343597385700|85
343597385701|85
343597385702|85
343597385703|85
343597385704|85
343597385705|85
343597385706|85
343597385707|85
412316862444|85
412316862445|85
412316862446|85
412316862447|85
412316862448|85
412316862449|85
412316862450|85
412316862451|85
412316862452|85
412316862453|85
412316862454|85
549755815944|85
549755815945|85
549755815946|85
549755815947|85
549755815948|85
549755815949|85
549755815950|85
549755815951|85
549755815952|85
549755815953|85
549755815954|85
549755815955|85
549755815956|85
549755815957|85
687194769430|85
687194769431|85
687194769432|85
687194769433|85
687194769434|85
687194769435|85
687194769436|85
687194769437|85
687194769438|85
687194769439|85
687194769440|85
687194769441|85
687194769442|85
687194769443|85
687194769444|85
687194769445|85
343597385766|85
343597385767|85
343597385768|85
343597385769|85
343597385770|85
343597385771|85
343597385772|85
481036339245|85
481036339246|85
481036339247|85
481036339248|85
343597385777|85
343597385778|85
343597385779|85
343597385780|85
343597385781|85
343597385782|85
343597385783|85
343597385784|85
343597385785|85
343597385786|85
343597385787|85
343597385788|85
343597385789|85
343597385790|85
343597385791|85
343597385792|85
343597385793|85
343597385794|85
343597385795|85
687194769517|96
687194769518|96
687194769519|96
687194769520|96
687194769521|96
687194769522|96
687194769523|96
687194769524|96
687194769525|96
687194769526|96
687194769527|96
687194769528|96
687194769529|96
687194769530|56
687194769531|56
687194769532|56
687194769533|56
687194769534|56
687194769535|56
687194769536|56
687194769537|56
687194769538|56
687194769539|56
687194769540|56
137438955653|56
137438955654|56
137438955655|56
618475292808|56
618475292809|56
618475292810|56
618475292811|56
618475292812|56
618475292813|56
618475292814|56
618475292815|56
618475292816|56
618475292817|56
618475292818|56
618475292819|56
618475292820|56
274877909141|56
274877909142|56
274877909143|56
274877909144|56
274877909145|56
274877909146|56
274877909147|56
274877909148|56
274877909149|56
274877909150|56
274877909151|56
274877909152|56
274877909153|56
274877909154|56
549755816099|56
549755816100|56
549755816101|56
549755816102|56
549755816103|56
549755816104|56
549755816105|56
549755816106|56
549755816107|56
549755816108|56
549755816109|56
549755816110|56
549755816111|56
549755816112|56
549755816113|56
481036339378|56
481036339379|56
481036339380|56
481036339381|56
481036339382|56
481036339383|56
481036339384|56
481036339385|56
481036339386|56
481036339387|56
481036339388|56
481036339389|56
481036339390|56
481036339391|56
481036339392|56
481036339393|56
481036339394|56
481036339395|56
481036339396|56
687194769612|56
687194769613|56
687194769614|56
687194769615|56
687194769616|56
687194769617|56
687194769618|56
687194769619|56
687194769620|56
687194769621|56
687194769622|56
412316862679|56
481036339416|56
481036339417|56
481036339418|56
481036339419|56
481036339420|56
481036339421|56
481036339422|56
481036339423|56
481036339424|56
412316862696|56
412316862697|56
412316862698|56
412316862699|56
412316862700|56
412316862701|56
412316862702|56
412316862703|56
412316862704|56
412316862705|56
412316862706|56
412316862707|56
412316862708|56
412316862709|56
412316862710|56
412316862711|56
412316862712|56
412316862713|56
412316862714|56
206158432507|56
206158432508|56
206158432509|56
206158432510|56
206158432511|56
206158432512|56
274877909262|56
274877909263|56
274877909264|56
274877909265|56
274877909266|56
274877909267|56
687194769684|56
687194769685|56
687194769686|56
687194769687|56
687194769688|56
618475292953|64
343597386016|65
343597386017|65
343597386018|65
343597386019|65
343597386020|65
343597386021|65
343597386022|65
343597386023|65
343597386024|65
343597386025|65
343597386026|65
343597386027|65
343597386028|65
343597386029|65
343597386030|65
343597386031|65
481036339504|65
618475292977|65
618475292978|65
687194769715|65
687194769716|65
687194769717|65
687194769718|65
687194769719|65
687194769720|65
687194769721|65
687194769722|65
687194769723|65
687194769724|65
687194769725|65
687194769726|65
687194769727|65
687194769728|65
687194769729|65
687194769730|65
618475292995|65
618475292996|65
618475292997|65
618475292998|65
618475292999|65
618475293000|65
618475293001|65
618475293002|65
618475293003|65
618475293004|65
618475293005|65
618475293006|65
618475293007|65
618475293008|65
618475293009|65
618475293010|65
618475293011|65
274877909332|65
274877909333|65
274877909334|65
274877909335|65
274877909336|65
274877909337|65
274877909338|65
274877909339|65
274877909340|65
274877909341|65
481036339550|65
481036339551|65
481036339552|65
343597386081|65
343597386082|65
343597386083|65
343597386084|65
343597386085|65
343597386086|65
343597386087|65
343597386088|65
343597386089|65
343597386090|65
343597386091|65
343597386092|65
343597386093|65
618475293038|65
618475293039|65
618475293040|65
618475293041|65
618475293042|65
618475293043|65
618475293044|65
618475293045|65
618475293046|65
618475293047|65
274877909369|65
274877909370|65
274877909371|65
274877909372|65
274877909373|65
274877909374|65
274877909375|65
274877909376|65
274877909377|65
274877909378|65
274877909379|65
274877909380|65
274877909381|65
274877909382|65
274877909383|65
274877909384|65
274877909385|65
549755816330|65
549755816331|65
343597386124|65
343597386125|65
618475293070|65
618475293071|65
618475293072|65
618475293073|65
618475293074|65
618475293075|65
618475293076|65
618475293077|65
618475293078|65
618475293079|65
618475293080|65
687194769817|103
481036339630|1
687194769839|1
687194769840|1
687194769841|1
687194769842|1
687194769843|1
687194769844|1
687194769845|1
687194769846|1
687194769847|1
687194769848|1
687194769849|1
687194769850|1
687194769851|1
687194769852|1
687194769853|1
687194769854|1
687194769855|1
687194769856|1
687194769857|1
687194769858|1
687194769859|1
687194769860|1
687194769861|1
687194769862|1
549755816391|1
549755816392|1
549755816393|1
549755816394|1
549755816395|1
549755816396|1
549755816397|1
549755816398|1
549755816399|1
549755816400|1
549755816401|1
549755816402|1
549755816403|1
549755816404|1
549755816405|1
549755816406|1
549755816407|1
549755816408|1
549755816409|1
549755816410|1
481036339705|1
481036339706|1
481036339707|1
481036339708|1
481036339709|1
481036339710|1
481036339711|1
481036339712|1
481036339713|1
481036339714|1
481036339715|1
549755816452|1
549755816453|1
549755816454|1
549755816455|1
549755816456|1
549755816457|1
549755816458|1
549755816459|1
549755816460|1
549755816461|1
549755816462|1
549755816463|1
549755816464|1
481036339729|42
481036339745|30
274877909544|85
618475293238|56
343597386310|9
274877909590|50
481036339807|79
481036339826|34
481036339841|90
481036339847|71
481036339866|8
481036339869|99
481036339874|16
137438956206|14
206158432955|52
206158432965|33
206158432966|26
206158432971|92
274877909739|52
274877909740|52
274877909741|52
274877909742|52
274877909743|52
274877909744|52
274877909745|52
274877909746|52
687194770163|52
687194770164|52
687194770165|52
687194770166|52
687194770167|52
687194770168|52
549755816697|52
549755816698|52
549755816699|52
549755816700|52
549755816701|52
549755816702|52
549755816703|52
549755816704|52
549755816705|52
549755816706|52
549755816707|52
549755816708|52
549755816709|52
549755816710|52
549755816711|52
549755816712|52
549755816713|52
687194770186|52
687194770187|52
687194770188|52
687194770189|52
687194770190|52
687194770191|52
687194770192|52
687194770193|52
687194770194|52
687194770195|52
687194770196|52
206158433045|52
206158433046|52
206158433047|52
137438956318|52
137438956319|52
137438956320|52
137438956321|52
137438956322|52
137438956323|52
137438956324|52
343597386533|52
343597386534|52
343597386535|52
343597386536|52
343597386537|52
343597386538|52
343597386539|52
343597386540|52
343597386541|52
343597386542|52
343597386543|52
343597386544|52
343597386545|52
343597386546|52
343597386547|52
206158433076|52
206158433077|52
206158433078|52
206158433079|52
206158433080|52
206158433081|52
206158433082|52
206158433083|52
206158433084|52
206158433085|52
206158433086|52
206158433087|52
206158433088|52
206158433089|52
206158433090|52
206158433091|52
206158433092|52
206158433093|52
343597386566|52
343597386567|52
343597386568|52
343597386569|52
343597386570|52
343597386571|52
343597386572|52
343597386573|52
343597386574|52
343597386575|52
343597386576|52
343597386577|52
343597386578|52
343597386579|52
481036340052|52
481036340053|52
481036340054|52
481036340055|52
481036340056|52
481036340057|52
481036340058|52
481036340059|52
343597386588|52
343597386589|52
549755816798|52
549755816799|52
549755816800|52
549755816801|52
549755816802|52
549755816803|52
206158433124|52
206158433125|52
206158433126|52
206158433127|52
206158433128|52
206158433129|52
206158433130|52
206158433131|52
206158433132|52
206158433133|52
206158433134|52
206158433135|52
206158433136|52
206158433137|52
206158433138|52
206158433139|52
206158433140|52
206158433141|52
206158433142|52
206158433143|52
274877909880|100
68719479673|58
687194770298|1
687194770299|1
687194770300|1
687194770301|1
687194770302|1
687194770303|1
687194770304|1
687194770305|1
687194770306|1
687194770307|1
687194770308|1
687194770309|1
687194770310|1
687194770311|1
206158433160|1
274877909899|1
274877909900|1
274877909901|1
274877909902|1
274877909903|1
274877909904|1
274877909905|1
274877909906|1
274877909907|1
274877909908|1
274877909909|1
618475293590|1
618475293591|1
618475293592|1
618475293593|1
618475293594|1
618475293595|1
618475293596|1
68719479709|1
68719479710|1
68719479711|1
343597386656|1
343597386657|1
343597386658|1
343597386659|1
343597386660|1
343597386661|1
343597386662|1
343597386663|1
343597386664|1
343597386665|1
343597386666|1
343597386667|1
343597386668|1
343597386669|1
343597386670|1
343597386671|1
343597386672|1
343597386673|1
343597386674|1
343597386675|1
343597386676|1
343597386677|1
343597386678|1
343597386679|1
68719479736|1
68719479737|1
68719479738|1
68719479739|1
68719479740|1
68719479741|1
68719479742|1
68719479743|1
68719479744|1
68719479745|1
68719479746|1
68719479747|1
68719479748|1
68719479749|1
68719479750|1
68719479751|1
68719479752|1
68719479753|1
206158433226|1
206158433227|1
206158433228|1
206158433229|1
206158433230|1
549755816911|1
549755816912|1
549755816913|1
549755816914|1
549755816915|1
412316863444|1
412316863445|1
412316863446|1
412316863447|1
412316863448|1
3033|1
3034|1
3035|1
3036|1
3037|1
3038|1
687194770399|1
687194770400|1
687194770401|1
687194770402|1
687194770403|1
687194770404|1
687194770405|1
687194770406|1
687194770407|1
687194770408|1
687194770409|1
687194770410|1
687194770411|1
687194770412|1
687194770413|1
687194770414|1
687194770415|1
687194770416|1
481036340209|1
481036340210|1
68719479803|1
68719479804|1
68719479805|1
68719479806|1
68719479807|1
68719479808|1
68719479809|1
68719479810|1
206158433283|1
206158433284|1
206158433285|1
206158433286|1
206158433287|1
549755816968|1
549755816969|1
549755816970|1
549755816971|1
549755816972|1
549755816973|1
549755816974|1
481036340239|70
343597386772|4
687194770453|72
618475293725|82
618475293739|64
618475293741|2
687194770481|12
412316863552|78
412316863555|8
412316863556|68
481036340295|4
481036340296|4
481036340297|4
481036340298|4
481036340299|4
481036340300|4
481036340301|4
481036340302|4
481036340303|4
481036340304|4
481036340305|4
481036340306|4
481036340307|4
412316863583|4
412316863584|4
412316863585|4
412316863586|4
412316863587|4
412316863588|4
412316863589|4
412316863590|4
412316863591|4
412316863592|4
412316863593|4
412316863594|4
412316863595|4
687194770540|4
687194770541|4
687194770542|4
687194770543|4
687194770544|4
687194770545|4
687194770546|4
687194770547|4
687194770548|4
687194770549|4
687194770550|4
687194770551|4
687194770552|4
687194770553|4
687194770554|4
687194770555|4
412316863612|4
412316863613|4
412316863614|4
412316863615|4
412316863616|4
412316863617|4
412316863618|4
412316863619|4
412316863620|4
412316863621|4
412316863622|4
412316863623|4
412316863624|4
412316863625|4
412316863626|4
412316863627|4
412316863628|4
412316863629|4
412316863630|4
412316863631|4
481036340368|4
481036340369|4
481036340370|4
481036340371|4
481036340372|4
481036340373|4
481036340374|4
687194770599|4
687194770600|4
687194770601|4
687194770602|4
687194770603|4
687194770604|4
687194770605|4
687194770606|4
687194770607|4
687194770608|4
549755817137|4
549755817138|4
549755817139|4
549755817140|4
549755817141|4
549755817142|4
549755817143|4
549755817144|4
618475293881|4
618475293882|4
618475293883|4
618475293884|4
618475293885|4
618475293886|4
618475293887|4
618475293888|4
618475293889|4
618475293890|4
618475293891|4
618475293892|4
481036340421|4
481036340422|4
481036340423|4
481036340424|4
481036340425|4
481036340426|4
481036340427|52
618475293947|58
618475293951|87
618475293956|68
618475293959|86
618475293967|63
618475293988|46
618475294003|61
481036340546|92
481036340547|92
481036340548|92
481036340549|92
481036340550|92
481036340551|92
481036340552|92
481036340553|92
481036340554|92
481036340555|92
481036340556|92
481036340557|92
481036340558|92
481036340559|92
481036340560|92
481036340561|92
481036340562|92
481036340563|92
481036340564|92
481036340565|92
481036340566|92
481036340567|92
481036340568|92
481036340569|92
481036340570|92
481036340571|92
687194770780|92
687194770781|92
687194770782|92
687194770783|92
687194770784|92
687194770785|92
687194770786|92
687194770787|92
687194770788|92
687194770789|92
687194770790|92
687194770791|92
687194770792|92
687194770793|92
687194770794|92
687194770795|92
687194770796|92
687194770797|92
687194770798|92
687194770799|92
687194770800|92
687194770801|92
412316863858|92
412316863859|92
412316863860|92
412316863861|92
412316863862|92
412316863863|92
412316863864|92
412316863865|92
412316863866|92
412316863867|92
412316863868|92
412316863869|92
412316863870|92
412316863871|92
412316863872|92
481036340609|92
481036340610|92
481036340611|92
481036340612|92
481036340613|92
481036340614|92
481036340615|92
481036340616|92
481036340617|92
481036340618|92
481036340619|92
481036340620|92
481036340621|92
481036340622|92
481036340623|92
481036340624|92
481036340625|92
481036340626|92
481036340627|92
481036340628|92
481036340629|92
481036340630|92
481036340631|92
481036340632|92
481036340633|92
481036340634|92
481036340635|92
481036340636|92
481036340637|92
481036340638|92
481036340639|92
481036340640|92
481036340641|92
481036340642|92
481036340643|92
481036340644|92
481036340645|92
481036340646|92
481036340647|92
687194770856|60
687194770857|60
687194770858|60
687194770859|60
687194770860|60
687194770861|60
687194770862|60
687194770863|60
618475294147|1
618475294148|1
618475294149|1
618475294150|1
618475294151|1
618475294152|1
618475294153|1
618475294154|1
618475294155|1
618475294156|1
618475294157|1
618475294158|1
618475294159|1
618475294160|1
618475294161|1
618475294174|1
618475294175|1
618475294176|1
618475294177|1
618475294178|1
618475294179|1
481036340708|1
481036340709|1
687194770918|1
687194770919|1
687194770920|1
687194770921|1
687194770922|1
687194770923|1
687194770924|1
687194770925|1
687194770926|1
687194770927|1
687194770928|1
687194770929|1
687194770948|1
687194770949|1
687194770950|1
687194770951|1
687194770952|1
687194770953|1
687194770954|1
687194770955|1
687194770956|1
687194770957|1
687194770958|1
687194770959|1
481036340752|1
481036340753|1
549755817490|1
549755817491|1
549755817492|1
549755817493|1
549755817494|1
549755817495|1
549755817496|1
549755817497|1
549755817504|83
687194770986|108
343597387319|65
412316864072|90
412316864091|57
412316864093|55
412316864095|69
412316864108|86
412316864118|96
412316864154|90
412316864155|90
412316864156|90
412316864157|90
412316864158|90
412316864159|90
412316864160|90
412316864161|90
412316864162|90
412316864163|90
412316864164|90
412316864165|90
412316864166|90
412316864167|90
412316864168|90
412316864169|90
481036340906|90
481036340907|90
481036340908|90
481036340909|90
481036340910|90
687194771119|90
687194771120|90
687194771121|90
687194771122|90
687194771123|90
687194771124|90
687194771125|90
687194771126|90
687194771127|90
687194771128|90
687194771129|90
687194771130|90
687194771131|90
687194771132|90
687194771141|90
687194771142|90
687194771143|90
687194771144|90
687194771145|90
687194771146|90
687194771147|90
687194771148|90
687194771149|90
687194771150|90
687194771151|90
687194771152|90
481036340945|90
481036340946|90
481036340947|90
481036340948|90
481036340949|90
618475294422|90
618475294423|90
618475294424|90
618475294425|90
618475294426|90
618475294427|90
618475294428|90
618475294429|90
618475294430|90
618475294431|90
618475294432|90
618475294433|90
618475294434|90
618475294435|90
618475294436|90
618475294437|90
618475294438|90
618475294439|90
618475294440|90
687194771177|90
687194771178|90
687194771179|90
687194771180|90
687194771181|90
687194771182|90
687194771183|90
687194771184|90
687194771185|90
687194771186|90
687194771187|90
412316864244|90
412316864245|90
412316864246|90
412316864247|90
412316864248|90
481036340985|107
343597387526|79
412316864270|84
412316864285|64
481036341022|88
481036341037|17
343597387574|1
687194771289|7
618475294560|45
618475294563|68
618475294585|99
618475294595|10
687194771358|80
618475294688|69
618475294708|26
687194771463|43
687194771470|41
549755818006|107
687194771481|103
687194771502|107
549755818049|2
618475294789|101
687194771526|79
687194771622|107
618475294898|7
481036341574|1
481036341575|1
481036341576|1
481036341577|1
481036341578|1
481036341579|1
481036341580|1
481036341581|1
481036341582|1
481036341583|1
481036341584|1
481036341585|1
481036341586|1
481036341587|1
481036341588|1
481036341589|1
481036341590|1
481036341591|1
343597388120|1
343597388121|1
343597388122|1
343597388123|1
343597388124|1
343597388125|1
343597388126|1
343597388127|1
343597388128|1
343597388129|1
343597388130|1
343597388131|1
343597388132|1
343597388133|1
343597388134|1
618475295079|1
618475295080|1
618475295081|1
618475295082|1
618475295083|1
343597388140|1
343597388141|1
343597388142|1
343597388143|1
343597388144|1
343597388145|1
343597388146|1
343597388147|1
412316864884|1
412316864885|1
412316864886|1
412316864887|1
412316864888|1
412316864889|1
412316864890|1
412316864891|1
412316864892|1
412316864893|1
343597388158|1
618475295103|1
618475295104|1
618475295105|1
618475295106|1
618475295107|1
618475295108|1
618475295109|1
618475295110|1
618475295111|1
618475295112|1
618475295113|1
618475295114|1
618475295115|1
618475295116|1
618475295117|1
618475295118|1
618475295119|1
618475295120|1
618475295121|1
618475295122|1
618475295123|1
618475295124|1
343597388181|1
618475295126|1
618475295127|1
618475295128|1
618475295129|1
618475295130|1
618475295131|1
618475295132|1
618475295133|1
618475295134|1
618475295135|1
618475295136|1
618475295137|1
618475295138|1
618475295139|1
412316864932|1
412316864933|1
412316864934|1
412316864935|1
412316864936|1
549755818435|1
549755818436|1
549755818437|1
549755818438|1
549755818439|1
549755818440|1
549755818441|1
549755818442|1
549755818452|49
412316864981|29
412316865000|83
206158434796|30
412316865017|90
412316865022|12
687194771982|18
343597388306|70
343597388312|86
343597388324|110
618475295275|59
618475295276|59
618475295277|59
618475295278|59
618475295279|59
618475295280|59
618475295281|59
618475295282|59
618475295283|59
618475295284|59
618475295285|59
618475295286|59
618475295287|59
618475295288|59
618475295289|59
618475295290|59
618475295291|59
618475295292|59
618475295293|59
618475295294|59
687194772031|59
687194772032|59
687194772033|59
687194772034|59
687194772035|59
687194772036|59
687194772037|59
687194772038|59
687194772039|59
687194772040|59
687194772041|59
618475295306|59
618475295307|59
618475295308|59
618475295309|59
618475295310|59
618475295311|59
618475295312|59
618475295313|59
618475295314|59
618475295315|59
618475295316|59
618475295317|59
618475295318|59
618475295319|59
687194772056|59
687194772057|59
687194772058|59
687194772059|59
687194772060|59
687194772061|59
687194772062|59
687194772063|59
687194772064|59
687194772065|59
687194772066|59
687194772067|59
687194772068|59
687194772069|59
481036341862|59
481036341863|59
481036341864|59
481036341865|59
481036341866|59
481036341867|59
481036341868|59
481036341869|59
481036341870|59
481036341871|59
618475295344|59
618475295345|59
618475295346|59
618475295347|59
618475295348|59
618475295349|59
618475295350|59
618475295351|59
618475295352|59
618475295353|59
618475295354|59
618475295355|59
618475295356|59
618475295357|59
618475295358|59
618475295359|59
618475295360|59
618475295361|59
618475295362|59
481036341891|59
481036341892|59
481036341893|59
481036341894|59
481036341895|59
481036341896|59
481036341897|59
481036341898|59
481036341899|59
481036341900|59
481036341901|59
481036341902|59
481036341903|59
481036341904|59
481036341905|59
481036341906|59
481036341907|59
481036341908|59
618475295381|59
618475295382|59
618475295383|59
618475295384|59
618475295385|59
618475295386|59
618475295387|59
618475295388|59
618475295389|59
618475295390|59
618475295391|59
618475295392|59
618475295393|59
618475295394|59
618475295395|59
549755818660|59
549755818661|59
549755818662|59
549755818663|59
549755818664|59
549755818665|59
412316865194|59
412316865195|59
412316865196|59
412316865197|59
412316865198|59
412316865199|59
412316865200|59
412316865201|59
412316865202|59
412316865203|59
412316865204|59
412316865205|59
412316865206|59
412316865207|59
412316865208|59
412316865209|59
412316865210|59
412316865211|59
618475295420|59
618475295421|59
618475295422|59
618475295423|59
618475295424|59
274877911745|59
274877911746|59
274877911747|59
274877911748|59
274877911749|59
274877911750|59
274877911751|59
274877911752|59
274877911753|59
274877911754|59
274877911755|59
549755818700|59
549755818701|59
549755818702|59
549755818703|59
549755818704|59
549755818705|59
549755818706|59
549755818707|59
549755818708|59
549755818709|59
549755818710|59
549755818711|59
549755818712|59
549755818713|59
549755818714|59
549755818715|59
549755818716|59
549755818717|59
618475295502|97
618475295503|97
618475295504|97
618475295505|97
618475295506|97
618475295507|97
618475295508|97
618475295509|97
618475295510|97
618475295511|97
618475295512|97
618475295513|97
618475295514|97
618475295515|97
618475295516|97
618475295517|97
618475295518|97
618475295519|97
618475295520|97
618475295521|97
618475295522|97
618475295523|97
618475295524|97
618475295525|97
618475295526|97
618475295527|97
618475295528|97
687194772265|97
481036342058|97
481036342059|97
481036342060|97
481036342061|97
481036342062|97
481036342063|97
481036342064|97
481036342065|97
481036342066|97
481036342067|97
481036342068|97
481036342069|97
481036342070|97
618475295543|97
618475295544|97
618475295545|97
618475295546|97
618475295547|97
618475295548|97
618475295549|97
618475295550|97
618475295551|97
618475295552|97
618475295553|97
618475295554|97
618475295555|97
618475295556|97
618475295557|97
618475295558|97
618475295559|97
618475295560|97
618475295561|97
618475295562|97
549755818827|97
549755818828|97
549755818829|97
549755818830|97
549755818831|97
549755818832|97
549755818833|97
549755818834|97
549755818835|97
549755818836|97
549755818837|97
549755818838|97
549755818839|97
549755818840|97
549755818841|97
549755818842|97
549755818843|97
549755818844|97
549755818845|97
549755818846|97
549755818847|97
549755818848|97
549755818849|97
549755818850|97
549755818851|97
549755818852|97
549755818853|97
549755818854|97
481036342119|97
481036342120|97
481036342121|97
481036342122|97
481036342123|97
481036342124|97
481036342125|97
481036342126|97
481036342127|97
481036342128|97
481036342129|97
481036342130|97
481036342131|97
481036342132|97
481036342133|97
481036342134|97
481036342135|97
481036342136|97
481036342137|97
481036342138|97
481036342139|97
481036342140|97
481036342141|97
481036342142|97
618475295615|97
618475295616|97
618475295617|97
618475295618|97
618475295619|97
618475295620|97
618475295621|97
481036342173|110
481036342174|110
481036342175|110
481036342176|110
481036342177|110
481036342178|110
481036342179|110
481036342180|110
481036342181|110
481036342182|110
481036342183|110
481036342184|110
481036342185|110
274877911994|110
274877911995|110
274877911996|110
274877911997|110
274877911998|110
274877911999|110
274877912000|110
618475295681|110
618475295682|110
618475295683|110
618475295684|110
618475295685|110
618475295686|110
618475295687|110
618475295688|110
618475295689|110
618475295690|110
618475295691|110
618475295692|110
618475295693|110
618475295694|110
618475295695|110
618475295696|110
618475295697|110
618475295698|110
618475295699|110
618475295700|110
412316865513|110
412316865514|110
412316865515|110
549755818988|110
549755818989|110
549755818990|110
549755818991|110
549755818992|110
549755818993|110
549755818994|110
549755818995|110
549755818996|110
549755818997|110
549755818998|110
549755818999|110
549755819000|110
549755819001|110
549755819002|110
549755819003|110
549755819004|110
549755819005|110
549755819006|110
549755819007|110
549755819008|110
687194772481|110
687194772482|110
687194772483|110
687194772484|110
687194772485|110
687194772486|110
687194772487|110
687194772488|110
481036342281|110
481036342282|110
481036342283|110
481036342284|110
481036342285|110
481036342286|110
481036342287|110
481036342288|110
481036342289|110
481036342290|110
481036342291|110
481036342292|110
481036342293|110
481036342294|110
274877912087|110
274877912088|110
274877912089|110
274877912090|110
274877912091|110
274877912092|110
274877912093|110
274877912094|110
687194772511|110
687194772512|110
687194772513|110
687194772514|110
687194772515|110
687194772516|110
687194772517|110
687194772518|110
687194772519|110
687194772520|110
687194772521|110
687194772522|110
687194772523|110
687194772524|110
687194772525|110
687194772526|110
687194772527|110
687194772528|110
687194772529|110
687194772530|110
687194772531|110
687194772532|110
687194772533|110
687194772534|110
687194772535|110
549755819064|110
549755819065|110
549755819066|110
549755819067|110
549755819068|110
549755819069|110
549755819070|110
549755819071|110
549755819072|110
549755819073|110
549755819074|110
549755819075|110
412316865604|34
412316865615|92
687194772561|1
687194772562|1
687194772563|1
687194772564|1
687194772565|1
687194772566|1
687194772567|1
687194772568|1
687194772569|1
687194772570|1
687194772571|1
687194772572|1
687194772573|1
687194772574|1
687194772575|1
687194772576|1
687194772577|1
687194772578|1
687194772579|1
687194772580|1
687194772581|1
687194772582|1
687194772583|1
687194772584|1
687194772585|1
687194772586|1
687194772587|1
687194772588|1
687194772589|1
687194772590|1
687194772591|1
687194772592|1
687194772593|1
687194772594|1
687194772595|1
687194772596|1
687194772597|1
687194772598|1
343597388919|1
343597388920|1
343597388921|1
343597388922|1
549755819131|1
549755819132|1
549755819133|1
549755819134|1
549755819135|1
549755819136|1
549755819137|1
549755819138|1
549755819139|1
549755819140|1
549755819141|1
549755819142|1
687194772615|1
687194772616|1
687194772617|1
687194772618|1
687194772619|1
687194772620|1
687194772621|1
687194772622|1
687194772623|1
687194772624|1
687194772625|1
687194772626|1
687194772627|1
687194772628|1
687194772629|1
687194772630|1
687194772631|1
687194772632|1
687194772633|1
687194772634|1
412316865691|1
412316865692|1
412316865693|1
412316865694|1
412316865695|1
412316865696|1
412316865697|1
412316865698|1
412316865699|1
412316865700|1
412316865701|1
412316865702|1
687194772647|1
687194772648|1
687194772649|1
687194772650|1
687194772651|1
687194772652|1
687194772653|1
687194772654|1
687194772655|1
687194772656|1
687194772657|1
687194772658|1
687194772659|1
687194772660|1
687194772661|1
687194772662|1
481036342455|1
481036342456|1
481036342457|1
481036342458|1
481036342459|1
481036342460|1
481036342461|1
481036342462|1
481036342463|1
481036342464|1
481036342465|1
481036342466|1
481036342467|1
481036342468|1
481036342469|1
481036342470|1
481036342485|1
481036342486|1
481036342487|1
481036342488|1
481036342489|1
481036342490|1
481036342491|1
481036342492|1
481036342493|1
481036342494|1
481036342495|1
481036342496|1
481036342497|1
481036342498|1
481036342499|1
481036342500|1
481036342501|1
481036342502|1
481036342503|1
481036342504|1
549755819241|76
412316865783|11
274877912326|70
549755819271|71
549755819272|71
549755819273|71
549755819274|71
549755819275|71
549755819276|71
549755819277|71
549755819278|71
549755819279|71
137438958875|71
137438958876|71
137438958877|71
137438958878|71
137438958879|71
137438958880|71
137438958881|71
137438958882|71
137438958883|71
137438958884|71
137438958885|71
137438958886|71
137438958887|71
137438958888|71
137438958889|71
137438958890|71
343597389099|71
343597389100|71
343597389101|71
206158435630|71
206158435631|71
206158435632|71
206158435633|71
206158435634|71
206158435635|71
206158435636|71
206158435637|71
206158435638|71
206158435639|71
274877912390|71
274877912391|71
274877912392|71
274877912393|71
618475296074|71
618475296075|71
618475296076|71
618475296077|71
618475296078|71
618475296079|71
618475296080|71
618475296081|71
618475296082|71
618475296083|71
618475296084|71
618475296085|71
618475296086|71
618475296087|71
618475296088|71
618475296089|71
618475296090|71
618475296091|71
618475296092|71
618475296093|71
206158435678|71
412316865887|71
412316865888|71
412316865889|71
412316865890|71
412316865891|71
412316865892|71
412316865893|71
412316865894|71
412316865895|71
343597389160|71
481036342633|71
481036342634|71
481036342635|71
481036342636|71
481036342637|71
481036342638|71
481036342639|71
481036342640|71
481036342641|71
481036342642|71
343597389171|71
549755819380|71
549755819381|71
549755819382|71
549755819383|71
549755819384|71
549755819385|71
549755819386|71
549755819387|71
549755819388|71
549755819389|71
549755819390|71
549755819391|71
549755819392|71
549755819393|71
549755819394|71
549755819395|71
549755819396|71
549755819397|71
549755819398|71
549755819399|71
549755819400|71
549755819401|71
549755819402|71
549755819403|71
549755819404|71
549755819405|71
549755819406|71
549755819407|1
549755819408|1
549755819409|1
549755819410|1
549755819411|1
549755819412|1
549755819413|1
549755819414|1
549755819415|1
549755819416|1
549755819417|1
549755819418|1
549755819419|1
549755819420|1
618475296169|1
618475296170|1
618475296171|1
618475296172|1
618475296173|1
618475296174|1
618475296175|1
618475296176|1
618475296177|1
618475296178|1
618475296179|1
618475296180|1
618475296181|1
618475296182|1
618475296183|1
618475296184|1
618475296185|1
618475296186|1
618475296187|1
618475296188|1
618475296189|1
618475296190|1
618475296191|1
618475296192|1
618475296193|1
618475296194|1
618475296195|1
618475296196|1
618475296197|1
618475296198|1
618475296199|1
618475296200|1
549755819483|1
549755819484|1
549755819485|1
549755819486|1
549755819487|1
549755819488|1
549755819489|1
549755819490|1
549755819491|1
549755819492|1
549755819493|1
549755819494|1
549755819495|1
549755819496|1
549755819497|1
687194772970|1
687194772971|1
687194772972|1
687194772973|1
687194772974|1
687194772975|1
687194772976|1
687194772977|1
687194772978|1
687194772979|1
687194772980|1
549755819509|1
549755819510|1
549755819511|1
549755819512|1
549755819513|1
549755819514|1
549755819515|1
549755819516|1
549755819517|1
549755819518|1
274877912575|50
206158435860|15
274877912612|59
274877912619|45
274877912637|20
343597389389|1
343597389390|1
343597389391|1
343597389392|1
343597389393|1
343597389394|1
343597389395|1
343597389396|1
343597389397|1
343597389398|1
687194773079|1
687194773080|1
687194773081|1
687194773082|1
687194773083|1
687194773084|1
687194773085|1
687194773086|1
687194773087|1
687194773088|1
687194773089|1
687194773090|1
687194773091|1
687194773092|1
687194773093|1
412316866150|1
412316866151|1
412316866152|1
412316866153|1
412316866154|1
206158435947|1
206158435948|1
206158435949|1
206158435950|1
206158435951|1
206158435952|1
549755819633|1
549755819634|1
549755819635|1
549755819636|1
549755819637|1
549755819638|1
549755819639|1
549755819640|1
549755819641|1
549755819642|1
549755819643|1
549755819644|1
549755819645|1
549755819646|1
549755819647|1
549755819648|1
549755819649|1
549755819650|1
549755819651|1
549755819652|1
549755819653|1
549755819654|1
549755819655|1
549755819656|1
549755819657|1
549755819658|1
549755819659|1
549755819660|1
549755819661|1
549755819662|1
549755819663|1
549755819664|1
549755819665|1
68719482514|1
68719482515|1
68719482516|1
68719482517|1
68719482518|1
68719482519|1
68719482520|1
68719482521|1
68719482522|1
68719482523|1
68719482524|1
68719482525|1
68719482526|1
68719482527|1
68719482528|1
68719482529|1
68719482530|1
68719482531|1
137438959268|1
137438959269|1
137438959270|1
137438959271|1
137438959272|1
137438959273|1
137438959274|1
137438959275|1
137438959276|1
137438959277|1
137438959278|1
137438959279|1
137438959280|1
687194773169|1
687194773170|1
687194773171|1
687194773172|1
687194773173|1
687194773174|1
687194773175|1
687194773176|1
687194773177|1
687194773178|1
687194773179|1
687194773180|1
687194773181|1
687194773182|1
618475296447|1
618475296448|1
618475296449|1
618475296450|1
618475296451|1
618475296452|1
618475296453|1
618475296454|1
618475296455|1
618475296456|1
618475296457|1
618475296458|1
618475296459|1
618475296460|1
618475296461|1
618475296462|1
618475296463|1
618475296464|1
618475296465|1
618475296466|1
206158436051|1
206158436052|1
206158436053|1
206158436054|1
687194773207|1
687194773208|1
687194773209|1
687194773210|1
687194773211|1
687194773212|1
687194773213|1
137438959326|1
137438959327|1
137438959328|1
137438959329|1
137438959330|1
137438959331|1
137438959332|1
137438959333|1
137438959334|1
137438959335|1
137438959336|1
137438959337|1
549755819754|1
549755819755|1
549755819756|1
549755819757|1
549755819758|1
549755819759|1
549755819760|1
549755819761|1
549755819762|1
549755819763|1
549755819764|1
549755819765|1
549755819766|1
549755819767|1
549755819768|1
549755819769|1
549755819770|1
549755819771|1
549755819772|1
687194773245|1
687194773246|1
687194773247|1
687194773248|1
687194773249|1
206158436098|1
206158436099|1
206158436100|1
206158436101|1
206158436102|1
206158436103|1
206158436104|1
206158436105|1
206158436106|1
206158436107|1
412316866316|1
412316866317|1
412316866318|1
412316866319|1
412316866320|1
412316866321|1
412316866322|1
412316866323|1
412316866324|1
412316866325|1
412316866326|1
412316866327|1
412316866328|1
687194773273|1
687194773274|1
687194773275|1
687194773276|1
687194773277|1
687194773278|1
687194773279|1
687194773280|1
687194773281|1
687194773282|1
687194773283|1
206158436132|1
206158436133|1
206158436134|1
206158436135|1
206158436136|1
206158436137|1
618475296554|1
618475296555|1
618475296556|1
618475296557|1
618475296558|1
618475296559|1
618475296560|1
618475296561|1
412316866354|1
412316866355|1
412316866356|1
412316866357|1
412316866358|1
412316866359|1
412316866360|1
549755819839|38
137438959425|53
137438959426|53
137438959427|53
137438959428|53
137438959429|53
137438959430|53
137438959431|53
137438959432|53
618475296585|53
618475296586|53
618475296587|53
618475296588|53
618475296589|53
618475296590|53
618475296591|53
618475296592|53
618475296593|53
618475296594|53
618475296595|53
618475296596|53
481036343125|53
481036343126|53
481036343127|53
481036343128|53
481036343129|53
481036343130|53
481036343131|53
481036343132|53
481036343133|53
481036343134|53
481036343135|53
481036343136|53
481036343137|53
481036343138|53
481036343139|53
481036343140|53
481036343141|53
343597389670|53
343597389671|53
343597389672|53
206158436201|53
206158436202|53
206158436203|53
206158436204|53
206158436205|53
206158436206|53
206158436207|53
206158436208|53
412316866417|53
412316866418|53
412316866419|53
412316866420|53
412316866421|53
412316866422|53
618475296631|53
618475296632|53
618475296633|53
618475296634|53
618475296635|53
687194773372|53
687194773373|53
687194773374|53
687194773375|53
687194773376|53
687194773377|53
687194773378|53
687194773379|53
687194773380|53
687194773381|53
687194773382|53
687194773383|53
687194773384|53
687194773385|53
687194773386|53
687194773387|53
687194773388|53
687194773389|53
618475296654|53
618475296655|53
618475296656|53
549755819921|53
549755819922|53
549755819923|53
549755819924|53
549755819925|53
549755819926|53
618475296663|53
618475296664|53
618475296665|53
618475296666|53
618475296667|53
343597389724|53
343597389725|53
343597389726|53
343597389727|53
343597389728|53
343597389729|53
343597389730|53
343597389731|53
343597389732|53
343597389733|53
343597389734|53
343597389735|53
343597389736|53
343597389737|53
343597389738|53
343597389739|53
343597389740|53
343597389741|53
343597389742|53
343597389743|53
343597389744|53
343597389745|53
618475296694|53
618475296695|53
618475296696|53
618475296697|53
618475296698|53
618475296699|53
618475296700|53
618475296701|53
618475296702|53
412316866495|53
412316866496|53
412316866497|53
412316866498|53
412316866499|53
412316866500|53
412316866501|53
412316866502|53
412316866503|53
412316866504|53
412316866505|53
412316866506|53
206158436299|53
206158436300|53
206158436301|53
206158436302|53
206158436303|53
206158436304|53
274877913041|53
274877913042|53
274877913043|53
274877913044|53
274877913045|53
274877913046|53
549755819991|53
549755819992|53
549755819993|53
549755819994|53
549755819995|53
549755819996|53
549755819997|53
549755819998|53
549755819999|53
549755820000|53
549755820001|53
618475296738|53
618475296739|53
618475296740|53
618475296741|53
618475296742|53
618475296743|53
618475296744|53
618475296745|53
618475296746|53
618475296747|53
618475296748|53
687194773485|46
687194773488|50
481036343293|69
481036343312|99
481036343324|47
481036343345|34
481036343366|91
137438959704|50
137438959705|50
137438959706|50
137438959707|50
137438959708|50
137438959709|50
481036343390|50
481036343391|50
687194773600|50
68719482977|50
68719482978|50
68719482979|50
68719482980|50
68719482981|50
206158436454|50
206158436455|50
206158436456|50
206158436457|50
206158436458|50
206158436459|50
206158436460|50
206158436461|50
206158436462|50
206158436463|50
206158436464|50
206158436465|50
206158436466|50
137438959731|50
481036343412|50
481036343413|50
481036343414|50
481036343415|50
481036343416|50
481036343417|50
481036343418|50
481036343419|50
481036343420|50
481036343421|50
481036343422|50
481036343423|50
481036343424|50
481036343425|50
481036343426|50
481036343427|50
481036343428|50
481036343429|50
481036343430|50
274877913229|50
274877913230|50
274877913231|50
274877913232|50
274877913233|50
274877913234|50
274877913235|50
274877913236|50
274877913237|50
274877913238|50
274877913239|50
274877913240|50
274877913241|50
274877913242|50
274877913243|50
687194773660|50
687194773661|50
687194773662|50
687194773663|50
687194773664|50
687194773665|50
687194773666|50
687194773667|50
687194773668|50
687194773669|50
412316866726|50
412316866727|50
412316866728|50
412316866729|50
412316866730|50
412316866731|50
412316866732|50
412316866733|50
412316866734|50
412316866735|50
412316866736|50
412316866737|50
412316866738|50
412316866739|50
412316866740|50
412316866741|50
412316866742|50
412316866743|50
412316866744|50
412316866745|50
412316866746|50
412316866747|50
412316866748|50
412316866749|50
412316866750|50
412316866751|50
412316866752|50
412316866753|50
412316866754|50
412316866755|50
412316866756|50
412316866757|50
412316866758|50
412316866759|50
412316866760|50
412316866761|50
412316866762|50
412316866763|50
549755820236|50
549755820237|50
549755820238|50
549755820239|50
549755820240|50
549755820241|50
549755820242|50
549755820243|50
549755820244|50
549755820245|50
549755820246|50
549755820247|50
549755820248|50
549755820249|50
549755820250|50
549755820251|50
549755820252|50
549755820253|50
549755820254|50
343597390066|50
343597390067|50
343597390068|50
343597390069|50
343597390070|50
343597390071|50
343597390072|50
343597390073|50
343597390074|50
412316866811|50
412316866812|50
412316866813|50
412316866814|50
412316866815|50
412316866816|50
412316866817|50
412316866818|50
412316866819|50
412316866820|50
412316866821|50
412316866822|50
412316866823|50
412316866824|50
412316866825|50
412316866826|50
412316866827|50
412316866828|50
412316866829|50
412316866830|50
274877913359|50
274877913360|50
274877913361|50
274877913362|50
274877913363|50
274877913364|50
274877913365|50
274877913366|50
274877913367|50
274877913368|50
274877913369|50
274877913370|50
274877913371|50
274877913372|50
274877913373|50
274877913374|50
274877913375|50
274877913376|50
274877913377|50
274877913378|50
206158436643|50
206158436644|50
206158436645|50
206158436646|50
206158436647|50
206158436648|50
206158436649|50
206158436650|50
206158436651|50
206158436652|50
206158436653|50
206158436654|50
206158436655|50
206158436656|50
206158436657|50
137438959922|50
137438959923|50
137438959924|50
137438959925|50
137438959926|50
137438959927|50
137438959928|50
137438959929|50
137438959930|50
137438959931|50
137438959932|50
137438959933|50
137438959934|50
137438959935|50
137438959936|50
687194773825|50
687194773826|50
687194773827|50
687194773828|50
687194773829|50
687194773830|50
687194773831|50
687194773832|50
687194773833|50
687194773834|50
687194773835|50
687194773836|50
687194773837|50
687194773838|50
687194773839|50
687194773840|50
687194773841|50
687194773842|50
687194773843|50
687194773844|50
206158436693|50
206158436694|50
206158436695|50
206158436696|50
206158436697|50
549755820378|1
549755820379|1
549755820380|1
549755820381|1
549755820382|1
549755820383|1
549755820384|1
549755820385|1
549755820386|1
549755820387|1
549755820388|1
549755820389|1
549755820390|1
549755820391|1
549755820392|1
549755820393|1
549755820394|1
549755820395|1
549755820396|1
549755820397|1
618475297134|1
618475297135|1
618475297136|1
618475297137|1
687194773888|1
687194773889|1
687194773890|1
687194773891|1
687194773892|1
687194773893|1
687194773894|1
687194773895|1
687194773896|1
687194773907|1
687194773908|1
687194773909|1
687194773910|1
687194773911|1
687194773912|1
687194773913|1
687194773914|1
687194773915|1
687194773916|1
687194773917|1
687194773918|1
687194773919|1
687194773920|1
687194773921|1
687194773922|1
687194773923|1
687194773924|1
687194773925|1
687194773926|1
687194773927|1
687194773928|1
687194773929|1
618475297217|72
618475297218|72
618475297219|72
618475297220|72
618475297221|72
618475297222|72
618475297223|72
618475297224|72
618475297225|72
618475297226|72
618475297227|72
687194773964|72
687194773965|72
687194773966|72
687194773967|72
687194773968|72
687194773969|72
687194773970|72
274877913555|109
549755820512|70
618475297265|0
687194774011|73
274877913600|5
343597390351|70
343597390352|70
343597390353|70
343597390354|70
343597390355|70
343597390356|70
687194774037|70
137438960150|70
137438960151|70
137438960152|70
137438960153|70
137438960154|70
412316867099|70
412316867100|70
412316867101|70
412316867102|70
412316867103|70
412316867104|70
412316867105|70
412316867106|70
412316867107|70
412316867108|70
412316867109|70
412316867110|70
412316867111|70
618475297320|70
274877913641|70
274877913642|70
274877913643|70
274877913644|70
481036343853|70
481036343854|70
481036343855|70
481036343856|70
481036343857|70
481036343858|70
481036343859|70
481036343860|70
481036343861|70
481036343862|70
481036343863|70
481036343864|70
481036343865|70
481036343866|70
481036343867|70
481036343868|70
481036343869|70
481036343870|70
206158436927|70
206158436928|70
206158436929|70
206158436930|70
206158436931|70
206158436932|70
206158436933|70
206158436934|70
206158436935|70
206158436936|70
206158436937|70
206158436938|70
206158436939|70
206158436940|70
206158436941|70
206158436942|70
206158436943|70
206158436944|70
206158436945|70
206158436946|70
206158436947|70
206158436948|70
206158436949|70
206158436950|70
206158436951|70
206158436952|70
206158436953|70
206158436954|70
206158436955|70
206158436956|70
549755820637|70
549755820638|70
549755820639|70
549755820640|70
549755820641|70
549755820642|70
549755820643|70
549755820644|70
549755820645|70
549755820646|70
549755820647|70
549755820648|70
549755820649|70
549755820650|70
412316867179|70
412316867180|70
412316867181|70
412316867182|70
412316867183|70
412316867184|70
412316867185|70
412316867186|70
412316867187|70
412316867188|70
412316867189|70
412316867190|70
412316867191|70
412316867192|70
412316867193|70
412316867194|70
412316867195|70
412316867196|70
412316867197|70
412316867198|70
206158436991|70
206158436992|70
206158436993|70
206158436994|70
206158436995|70
206158436996|70
206158436997|70
206158436998|70
206158436999|70
206158437000|70
206158437001|70
206158437002|70
206158437003|70
206158437004|70
206158437005|70
206158437006|70
206158437007|70
206158437008|70
206158437009|70
206158437010|70
206158437011|70
206158437012|70
206158437013|70
481036343958|70
481036343959|70
481036343960|70
481036343961|70
481036343962|70
481036343963|70
481036343964|70
481036343965|70
481036343966|70
481036343967|70
481036343968|70
481036343969|70
687194774178|70
687194774179|70
687194774180|70
687194774181|70
687194774182|70
687194774183|70
412316867240|70
343597390505|70
343597390506|70
343597390507|70
343597390508|70
343597390509|70
343597390510|70
343597390511|70
343597390512|70
343597390513|70
343597390514|70
343597390515|70
343597390516|70
343597390517|70
343597390518|70
343597390519|70
343597390520|70
343597390521|70
343597390522|70
343597390523|70
618475297468|70
618475297469|70
618475297470|70
618475297471|70
618475297472|70
618475297473|70
618475297474|70
618475297475|70
687194774212|70
687194774213|70
687194774214|70
687194774215|70
687194774216|70
687194774217|70
687194774218|70
687194774219|70
687194774220|70
687194774221|70
687194774222|70
206158437071|86
137438960343|14
137438960361|18
137438960364|98
206158437117|98
206158437118|98
137438960383|98
137438960384|98
137438960385|98
549755820802|98
549755820803|98
549755820804|98
549755820805|98
549755820806|98
549755820807|98
549755820808|98
549755820809|98
549755820810|98
549755820811|98
549755820812|98
549755820813|98
549755820814|98
549755820815|98
549755820816|98
549755820817|98
549755820818|98
549755820819|98
343597390612|98
343597390613|98
343597390614|98
343597390615|98
343597390616|98
343597390617|98
343597390618|98
343597390619|98
343597390620|98
343597390621|98
274877913886|98
274877913887|98
274877913888|98
274877913889|98
274877913890|98
274877913891|98
274877913892|98
274877913893|98
274877913894|98
274877913895|98
618475297592|98
618475297593|98
618475297594|98
618475297595|98
618475297596|98
618475297597|98
618475297598|98
343597390655|98
343597390656|98
343597390657|98
343597390658|98
343597390659|98
343597390660|98
343597390661|98
687194774342|98
687194774343|98
687194774344|98
137438960457|98
137438960458|98
137438960459|98
137438960460|98
137438960461|98
137438960462|98
137438960463|98
137438960464|98
137438960465|98
687194774370|98
687194774371|98
687194774372|98
687194774373|98
687194774374|98
687194774375|98
274877913976|98
274877913977|98
274877913978|98
274877913979|98
274877913980|98
274877913981|98
274877913982|98
274877913983|98
274877913984|98
274877913985|98
274877913986|98
274877913987|98
274877913988|98
274877913989|98
274877913990|98
274877913991|98
274877913992|98
274877913993|98
274877913994|98
343597390731|98
343597390732|98
343597390733|98
343597390734|98
343597390735|98
343597390736|98
343597390737|98
343597390738|98
343597390739|98
343597390740|98
343597390741|98
343597390742|98
343597390743|98
343597390744|98
343597390745|98
343597390746|98
618475297691|98
618475297692|98
618475297693|98
618475297694|98
618475297695|98
618475297696|98
618475297697|98
618475297698|98
618475297699|98
412316867507|98
412316867508|98
412316867509|98
412316867510|98
412316867511|98
412316867512|98
412316867513|98
412316867514|98
412316867515|98
412316867516|98
412316867517|98
412316867518|98
412316867519|98
412316867520|98
412316867521|98
412316867522|98
412316867523|98
618475297732|98
618475297733|98
618475297734|98
618475297735|98
618475297736|98
618475297737|98
618475297738|98
618475297739|98
618475297740|98
618475297741|98
618475297742|98
618475297743|98
343597390800|77
618475297745|105
137438960598|1
137438960599|1
137438960600|1
137438960601|1
137438960602|1
137438960603|1
137438960604|1
137438960605|1
137438960606|1
137438960607|1
137438960608|1
137438960609|1
137438960610|1
137438960611|1
137438960612|1
481036344293|1
481036344294|1
481036344295|1
481036344296|1
481036344297|1
412316867562|1
412316867563|1
412316867564|1
412316867565|1
412316867566|1
412316867567|1
412316867568|1
412316867569|1
481036344306|1
481036344307|1
481036344308|1
481036344309|1
481036344310|1
481036344311|1
481036344312|1
481036344313|1
481036344314|1
481036344315|1
481036344316|1
481036344317|1
481036344318|1
481036344319|1
481036344320|1
481036344321|1
481036344322|1
7171|1
7172|1
7173|1
7174|1
7175|1
274877914120|1
274877914121|1
274877914122|1
274877914123|1
274877914124|1
274877914125|1
274877914126|1
274877914127|1
412316867600|1
412316867601|1
412316867602|1
412316867603|1
412316867604|1
412316867605|1
412316867606|1
412316867607|1
412316867608|1
412316867609|1
412316867610|1
412316867611|1
412316867612|1
412316867613|1
412316867614|1
412316867615|1
412316867616|1
412316867617|1
343597390882|1
343597390883|1
343597390884|1
343597390885|1
343597390886|1
343597390887|1
206158437416|1
206158437417|1
206158437418|1
206158437419|1
206158437420|1
206158437421|1
206158437422|1
206158437423|1
206158437424|1
206158437425|1
206158437426|1
206158437427|1
206158437428|1
206158437429|1
343597390902|1
343597390903|1
343597390904|1
343597390905|1
343597390906|1
343597390907|1
618475297852|1
618475297853|1
618475297854|1
618475297855|1
618475297856|1
618475297857|1
618475297858|1
618475297859|1
618475297860|1
618475297861|1
618475297862|1
618475297863|1
618475297864|1
618475297865|1
618475297866|1
68719483994|1
68719483995|1
68719483996|1
68719483997|1
68719483998|1
68719483999|1
68719484000|1
68719484001|1
481036344418|1
481036344419|1
481036344420|1
481036344421|1
481036344422|1
481036344423|1
481036344424|1
481036344425|1
481036344426|1
274877914219|1
274877914220|1
274877914221|1
274877914222|1
274877914223|1
274877914224|1
274877914225|1
274877914226|1
687194774643|1
687194774644|1
687194774645|1
618475297910|1
618475297911|1
618475297912|1
618475297913|1
618475297914|1
618475297915|1
618475297916|1
618475297917|1
618475297918|1
618475297919|1
618475297920|1
618475297921|1
618475297922|1
618475297923|1
618475297924|1
618475297925|1
618475297926|1
481036344455|1
481036344456|1
481036344457|1
481036344458|1
481036344459|1
7320|1
7321|1
7322|1
7323|1
7324|1
7325|1
549755821214|1
549755821215|1
549755821216|1
549755821217|1
549755821218|1
549755821219|1
549755821220|1
549755821221|1
549755821222|1
549755821223|1
549755821224|1
618475297961|1
618475297962|1
618475297963|1
618475297964|1
618475297965|1
618475297966|1
618475297967|1
618475297968|1
618475297969|1
618475297970|1
618475297971|1
618475297972|1
618475297973|1
618475297974|1
618475297975|1
618475297976|1
687194774713|94
137438960844|46
137438960855|15
274877914342|91
343597391094|53
343597391095|53
343597391096|53
343597391097|53
343597391098|53
343597391099|53
343597391100|53
343597391101|53
343597391102|53
343597391103|53
343597391104|53
343597391105|53
343597391106|53
343597391107|53
343597391108|53
343597391109|53
343597391110|53
343597391111|53
343597391112|53
343597391113|53
343597391114|53
343597391115|53
343597391116|53
343597391117|53
343597391118|53
343597391119|53
343597391120|53
343597391121|53
343597391122|53
687194774803|53
687194774804|53
687194774805|53
687194774806|53
687194774807|53
687194774808|53
687194774809|53
618475298074|53
618475298075|53
618475298076|53
618475298077|53
618475298078|53
618475298079|53
618475298080|53
618475298081|53
618475298082|53
618475298083|53
618475298084|53
618475298085|53
618475298086|53
549755821351|53
549755821352|53
549755821353|53
549755821354|53
549755821355|53
549755821356|53
549755821357|53
549755821358|53
549755821359|53
549755821360|53
549755821361|53
549755821362|53
549755821363|53
549755821364|53
481036344629|53
481036344630|53
481036344631|53
481036344632|53
481036344633|53
481036344634|53
481036344635|53
481036344636|53
481036344637|53
481036344638|53
481036344639|53
481036344640|53
481036344641|53
481036344642|53
343597391171|53
343597391172|53
343597391173|53
343597391174|53
343597391175|53
343597391176|53
343597391177|53
343597391178|53
343597391179|53
343597391180|53
343597391181|53
343597391182|53
343597391183|53
343597391184|53
343597391185|53
343597391186|53
343597391187|53
343597391188|53
343597391189|53
274877914454|53
274877914455|53
274877914456|53
274877914457|53
274877914458|53
274877914459|53
274877914460|53
274877914461|53
274877914462|53
274877914463|53
274877914464|53
274877914465|53
274877914466|53
274877914467|53
274877914468|53
274877914469|53
274877914470|53
274877914471|53
549755821416|53
549755821417|53
549755821418|53
549755821419|53
549755821420|53
549755821421|53
549755821422|53
549755821423|53
549755821424|53
549755821425|53
549755821426|53
549755821427|53
549755821428|53
412316867957|53
412316867958|53
412316867959|53
412316867960|53
412316867961|53
412316867962|53
412316867963|53
412316867964|53
412316867965|53
412316867966|53
412316867967|53
412316867968|53
412316867969|53
412316867970|53
412316867971|53
412316867972|53
412316867973|53
412316867974|53
412316867975|53
412316867976|53
618475298185|53
618475298186|53
618475298187|53
618475298188|53
618475298189|53
618475298190|53
343597391247|53
343597391248|53
343597391249|53
343597391250|53
343597391251|53
343597391252|53
343597391253|53
343597391254|53
343597391255|53
343597391256|53
343597391257|53
343597391258|53
343597391259|53
343597391260|53
343597391261|53
343597391262|53
618475298207|53
618475298208|53
618475298209|53
618475298210|53
343597391267|53
343597391268|53
343597391269|53
343597391270|53
343597391271|53
343597391272|53
343597391273|53
343597391274|53
343597391275|53
343597391276|53
343597391277|53
343597391278|53
343597391279|53
687194774960|47
687194774983|61
412316868064|106
549755821572|101
549755821573|101
549755821574|101
549755821575|101
549755821576|101
549755821577|101
549755821578|101
549755821579|101
549755821580|101
549755821581|101
549755821582|101
549755821583|101
549755821584|101
549755821585|101
549755821586|101
549755821587|101
549755821588|101
618475298332|101
618475298333|101
618475298334|101
618475298335|101
618475298336|101
618475298337|101
618475298338|101
618475298339|101
618475298340|101
618475298341|101
618475298342|101
618475298343|101
618475298344|101
618475298345|101
481036344884|101
481036344885|101
481036344886|101
481036344887|101
481036344888|101
481036344889|101
481036344890|101
481036344891|101
481036344892|101
481036344893|101
481036344894|101
481036344895|101
481036344896|101
549755821633|101
549755821634|101
549755821635|101
549755821636|101
549755821637|101
549755821638|101
549755821639|101
549755821640|101
549755821641|101
549755821642|101
549755821643|101
549755821644|101
549755821645|101
549755821646|101
549755821647|101
549755821648|101
618475298385|101
618475298386|101
618475298387|101
618475298388|101
618475298389|101
618475298390|101
618475298391|101
618475298392|101
618475298393|101
618475298394|101
618475298395|101
618475298396|101
687194775133|101
687194775134|101
687194775135|101
687194775136|101
687194775137|101
687194775138|101
687194775139|101
687194775140|101
687194775141|101
687194775142|101
687194775143|101
687194775144|101
687194775145|101
687194775146|101
687194775147|101
687194775148|101
687194775149|101
687194775150|101
687194775151|101
687194775152|101
687194775153|101
687194775154|101
687194775155|101
549755821684|101
549755821685|101
618475298422|101
618475298423|101
618475298424|101
618475298425|101
618475298426|101
618475298427|101
618475298428|101
618475298429|101
618475298430|101
618475298431|101
618475298432|101
618475298433|101
618475298434|101
618475298435|101
618475298436|101
618475298437|101
618475298438|101
618475298439|101
618475298440|101
618475298441|101
549755821715|101
549755821716|101
549755821717|101
549755821718|101
549755821719|101
549755821720|101
549755821721|101
549755821722|101
549755821723|101
549755821724|101
549755821725|101
687194775198|101
343597391519|101
687194775200|53
687194775201|53
687194775202|53
687194775203|53
687194775204|53
687194775205|53
687194775206|53
687194775207|53
687194775208|53
687194775209|53
687194775210|53
687194775211|53
687194775212|53
687194775213|53
687194775214|53
687194775215|53
687194775216|53
687194775244|53
687194775245|53
687194775246|53
687194775247|53
687194775248|53
687194775249|53
687194775250|53
687194775251|53
687194775252|53
687194775253|53
687194775254|53
687194775255|53
687194775256|53
687194775257|53
687194775258|53
687194775259|53
687194775260|53
687194775261|53
687194775262|53
687194775263|53
687194775264|53
687194775265|53
687194775266|53
687194775267|53
687194775268|53
687194775269|53
687194775270|53
687194775271|53
618475298536|53
618475298537|53
618475298538|53
618475298539|53
618475298540|53
618475298541|53
618475298542|53
618475298543|53
618475298544|53
618475298545|53
618475298546|53
618475298547|53
618475298548|53
618475298549|53
618475298550|53
618475298551|53
